author,content,date,title,url
Hillhousecap,"工作职责：,1 协助部门日常工作和基于项目的公关活动。,2 支持部门相关活动的策划和执行，撰写文稿，制作宣传材料。,工作要求：,1 知名院校在校生，至少4天/周，实习3个月以上。,2 市场营销方向或有在新闻媒体单位实习经验者优先。,3 文笔出色，认真负责，执行力强，对金融投资行业有一定了解。,4 熟练操作PPT，有较好的中英文沟通能力，英语可作为工作语言。,工作地点：亮马桥,简历请投递至：campus@hillhousecap.com,简历命名：[PA]姓名-学校-专业-每周实习天数-手机号码（请在邮件正文中说明“最早入职时间-每周实习天数-持续实习时长”）",发表于2018-05-21 10:59:14,【实习】【高瓴资本Public Affairs intern】,https://bbs.pku.edu.cn/v2//v2/post-read.php?bid=896&threadid=16421608
yangyunpeng,"快手是一个记录和分享生活的平台，公司自2011年创立，在过去7年时间里，稳步成长为中国最大的生活分享平台。,在快手上，用户可以用照片和短视频记录自己的生活点滴，也可以通过直播与粉丝实时互动。快手的视频内容覆盖生活的方方面面，用户遍布全国各地。在这里，人们能找到自己喜欢的内容，找到自己感兴趣的人，看到更真实有趣的世界，也让世界发现真实有趣的自己。快手的诞生和发展影响和改变了数以亿计网民记录和分享生活的方式，并为中国互联网行业的发展开拓了更加广阔的空间。,目前，快手累计注册用户超过7亿，每日活跃用户超过1亿，每日UGC视频上传量超过1500万条，目前，快手短视频库存量已经超过40亿条。,2017年3月，快手完成新一轮3.5亿美元的融资。此次融资由腾讯领投，这也是继上轮百度领投之后，快手再次获得互联网巨头的肯定。腾讯董事会主席兼首席执行官马化腾曾表示，快手“是中国移动互联网一款非常贴近用户，有温度，有生命力的产品。” ,快手是用户导向、技术驱动的公司，快手APP受用户喜爱的背后，是团队在计算机视觉、人工智能等方面技术的多年深耕。快手用技术理解用户，同时理解视频内容，用算法实现内容和用户的个性化匹配，为用户推送符合每个人兴趣爱好的内容。,快手团队汇集全球科技行业精英，以用户导向和极客精神，打造最真实有趣的生活分享社区。他们希望通过对信息的记录与分享，为人类社会创造价值。,快手CEO宿华希望通过快手这个记录与分享的平台，让今天的人能通过快手“读懂中国”，让一千多年以后的人，也能看到今天的时代影像。,快手，记录世界，记录你。,YLAB是快手的AI实验室，主要利用深度学习的方法解决视频图像中人体，场景的理解。主要研究方向如：人体关键点，人脸关键点，人脸三维重建，手势识别及手指关键点，人体分割，场景分类，深度学习模型加速，深度学习生成技术等等。,【岗位职责】 , • 协助工程师，调研相关技术，确定适合于项目的算法模型； , • 协助进行训练数据鉴别、收集、筛选等工作；  , • 根据产品需求，编码实现相应逻辑，完成模型训练、调优、部署等工作； ,【岗位要求】 , • 计算机相关专业或对AI相关技术感兴趣者，本科，硕士，博士均可； , • 精通一门以上编程语言（python优先），熟悉常用数据结构与算法，有较强的编程能力；  , • 扎实的计算机基础，或数学基础；  , • 对机器学习、深度学习或计算机视觉有浓厚兴趣，愿意投入进行学习研究，勤于动手实践； , • 每周实习32小时以上，或能够实习6个月以上者优先； , • 有相关实践经验者优先,【工作地点】, • 北京市 五道口,【实习待遇】,实习工资300元/天，工作不打卡，提供免费自助中餐、水果下午茶、晚餐。,【申请方式】,请发送简历到： liujinlong@kuaishou.com,代一个北大物院毕业的师兄发，师兄人非常好~,yangyunpeng (纸风车) 在 ta 的帖子中提到：,快手是一个记录和分享生活的平台，公司自2011年创立，在过去7年时间里，稳步成长为中国最大的生活分享平台。,在快手上，用户可以用照片和短视频记录自己的生活点滴，也可以通过直播与粉丝实时互动。快手的视频内容覆盖生活的方方面面，用户遍布全国各地。在这里，人们能找到自己喜欢的内容，找到自己感兴趣的人，看到更真实有趣的世界，也让世界发现真实有趣的自己。快手的诞生和发展影响和改变了数以亿计网民记录和分享生活的方式，并为中国互联网行业的发展开拓了更加广阔的空间。,目前，快手累计注册用户超过7亿，每日活跃用户超过1亿，每日UGC视频上传量超过1500万条，目前，快手短视频库存量已经超过40亿条。,……,学长好，我是物院的同学。我现在只有传统的数据结构算法经验，ML的东西还不大熟。这种情况可以进去试试吗？,yangyunpeng (纸风车) 在 ta 的帖子中提到：,快手是一个记录和分享生活的平台，公司自2011年创立，在过去7年时间里，稳步成长为中国最大的生活分享平台。,在快手上，用户可以用照片和短视频记录自己的生活点滴，也可以通过直播与粉丝实时互动。快手的视频内容覆盖生活的方方面面，用户遍布全国各地。在这里，人们能找到自己喜欢的内容，找到自己感兴趣的人，看到更真实有趣的世界，也让世界发现真实有趣的自己。快手的诞生和发展影响和改变了数以亿计网民记录和分享生活的方式，并为中国互联网行业的发展开拓了更加广阔的空间。,目前，快手累计注册用户超过7亿，每日活跃用户超过1亿，每日UGC视频上传量超过1500万条，目前，快手短视频库存量已经超过40亿条。,……,可以过去试一试哈~,Titanium (Titanium) 在 ta 的帖子中提到：,学长好，我是物院的同学。我现在只有传统的数据结构算法经验，ML的东西还不大熟。这种情况可以进去试试吗？", 最后修改于2018-05-22 11:54:23,【实习】快手AI实验室(YLab)算法实习生（可转正）,https://bbs.pku.edu.cn/v2//v2/post-read.php?bid=896&threadid=16422820
infimind,"【InfiMind（极睿科技）全职/实习招聘】InfiMind是一家以深度学习赋能零售行业的创业公司，公司成立半年时间，核心团队主要是清华大学计算机系的硕士生及来自清华、MIT、新加坡国立，人民大学的教授顾问。已获得顶级VC金沙江创投的投资。目前自研的商品识别、服装相似匹配、智能标签、商品知识库、评论分析等技术已处于行业领先地位，并得到了多家大型客户的认可与采纳。,在这里：,1，有独有的海量数据，可以和知名教授、学术大牛一起发paper,2，有真实的应用场景，可以深入产业一线做出好用的产品,3，有轻松的团队环境，可以找到一起学习进步的小伙伴。,目前在招募【AI领域】或【全栈开发】的人才。,希望你能满足：,1，优秀的编程能力，熟悉前后端开发,2，对机器学习感兴趣、学习能力强,3，对创业感兴趣，每周工作三天以上,4，有ML、CV、NLP相关领域研究经验优先,工作地点：清华同方大厦D座20层；,工作薪资：200-500，能力优秀并可长期工作可以给与期权及股份,有兴趣的小伙伴可以发送简历至：wub16@mails.tsinghua.edu.cn，电话：18510930395", 最后修改于2018-05-23 11:38:45,【五道口AI实习】INFIMIND 招聘,https://bbs.pku.edu.cn/v2//v2/post-read.php?bid=896&threadid=16423393
xiaoqiang,"京东AI平台与研究部以创建京东AI平台、推动AI基础研究为己任，将引导京东集团在技术和应用场景中持续创新，旨在夯实人工智能核心技术能力储备向京东内部乃至全社会赋能。目前，我们已经形成了以NeuHub开放平台为中心的工程技术和理论研究团队。NeuHub平台主要围绕自然语言处理、语音交互、计算机视觉等AI方向展开，对内为客服、搜索、推荐、广告、金融、物流、供应链等电商应用场景提供算法模型的支持，对外服务于各合作伙伴如香港冯氏集团、叮咚音箱、三星，以及各地政府项目等。NeuHub平台不仅验证多项落地性技术，同时助力国家多个战略级产学研合作项目，也标志着京东AI研发开始从应用型向核心技术研发和输出方面发力。,工作类型：实习  工作地点：北辰世纪中心A座（北京）,工作职责：,- 从事机器学习/深度学习系统研发工作，提升深度学习/机器学习算法运行效率；,- 在异构环境下支持分布式机器学习，实现算法的大规模横向扩展。,要求：,- 计算机科学及信息技术相关专业硕士、博士在校生；,- 具有扎实的数理功底&英文文献分析整理能力，懂机器学习基础知识；,- 具有Linux/Unix系统C++、Python底层系统软件开发经验,- 熟悉MPI,、RPC等分布式通信编程；,- 学习能力强，工作积极主动，团队协作能力好。,具有以下条件者优先,- 熟练掌握一种机器学习引擎框架，如TensorFlow、Caffe\PyTorch、MXNet、Spark\HIVE等；,工作类型：实习  工作地点：北辰世纪中心A座（北京）,工作职责：,- 面向业务的智能化算法分析、设计、调试，满足实际应用需求，提升业务智能化水平；,- 跟踪业界最新科研成果，研发通用基础算法，开发NeuHub平台的模型算法组件；,- 对算法进行性能优化，提升运行效率及业务指标等。,要求：,- 应用数学、计算机科学、电子信息、自动化、通信工程等信息技术相关专业硕士以上；,- 具有扎实的数理功底&英文文献分析整理能力；对机器学习基础算法理论有很好地理解；,- 熟悉至少一种机器学习、深度学习框架，如TensorFlow、Caffe、Spark等；,- 熟练掌握Python语言，有算法和数据结构设计能力。熟悉数据分析Python库。,具有以下条件者优先,- 有机器学习算法调试经验，各大AI算法竞赛优胜者；,- 在AI学术会议和期刊发表文章者优先。,工作类型：实习  工作地点：北辰世纪中心A座（北京）,工作职责：,- 参与京东NeuHub开放AI平台的开发工作，为平台提供前端后端功能实现；,- 负责系统模块的设计与实现，撰写技术文档；,要求：,- 计算机或相关专业本科以上学历的在校学生；,- 熟练掌握Java语言，熟悉常见数据结构和算法；,- 熟练掌握Linux常用命令；,具备以下条件者优先：,- 熟悉Spring、mybatis、Redis、MQ、Dubbo等框架。, ,工作类型：实习 工作地点：北辰世纪中心A座（北京）,工作职责：,- 参与NeuHub开放AI平台引擎的研发，,- 集成并优化目前主流机器学习模型训练及预测框架；,- 根据业务需求对相关工具、算法进行稳定性和性能优化。,要求：,- 计算机科学、电子信息、自动化、通信工程等信息技术相关专业本科以上在读；,- 具有扎实的编程基础，熟悉常用数据结构及算法,- 熟练掌握C++，对OOP，多线程，内存分配等方面有比较深入的理解,- 有Linux使用经验，有Linux程序开发经验。,工作类型：实习 工作地点：北辰世纪中心A座（北京）,工作职责：,- 负责AI虚拟化平台维护与定制开发，集中在kubernetes、docker环境；,- 快速响应并解决服务器、平台的故障，保证任务正常运行；,- 负责部门基础服务运维，存储、OS、数据库等;,要求：,- 计算机科学、电子信息、自动化、通信工程等信息技术相关专业本科以上在读,- 熟悉Docker及Kubernetes的工作原理；,- 具备python/go的开发能力,若对以上任意职位有意，请发简历至,，并请注明具体申请岗位。邮件建议标题格式为 [李明-北京-京东AI基础平台部-全职], ,顶,xiaoqiang (Jiyu) 在 ta 的帖子中提到：,背景介绍：,京东AI平台与研究部以创建京东AI平台、推动AI基础研究为己任，将引导京东集团在技术和应用场景中持续创新，旨在夯实人工智能核心技术能力储备向京东内部乃至全社会赋能。目前，我们已经形成了以NeuHub开放平台为中心的工程技术和理论研究团队。NeuHub平台主要围绕自然语言处理、语音交互、计算机视觉等AI方向展开，对内为客服、搜索、推荐、广告、金融、物流、供应链等电商应用场景提供算法模型的支持，对外服务于各合作伙伴如香港冯氏集团、叮咚音箱、三星，以及各地政府项目等。NeuHub平台不仅验证多项落地性技术，同时助力国家多个战略级产学研合作项目，也标志着京东AI研发开始从应用型向核心技术研发和输出方面发力。,机器学习系统工程师-实习生,……,顶,xiaoqiang (Jiyu) 在 ta 的帖子中提到：,背景介绍：,京东AI平台与研究部以创建京东AI平台、推动AI基础研究为己任，将引导京东集团在技术和应用场景中持续创新，旨在夯实人工智能核心技术能力储备向京东内部乃至全社会赋能。目前，我们已经形成了以NeuHub开放平台为中心的工程技术和理论研究团队。NeuHub平台主要围绕自然语言处理、语音交互、计算机视觉等AI方向展开，对内为客服、搜索、推荐、广告、金融、物流、供应链等电商应用场景提供算法模型的支持，对外服务于各合作伙伴如香港冯氏集团、叮咚音箱、三星，以及各地政府项目等。NeuHub平台不仅验证多项落地性技术，同时助力国家多个战略级产学研合作项目，也标志着京东AI研发开始从应用型向核心技术研发和输出方面发力。,机器学习系统工程师-实习生,……", 最后修改于2018-05-23 14:40:05,【实习】京东AI基础平台部实习生,https://bbs.pku.edu.cn/v2//v2/post-read.php?bid=896&threadid=16423914
Teslad,"“2018 全球金融数据探索与发现大赛”是全球首场深入投资实战的算法大赛，以海量金融数据、真实业务痛点、世 界级 AI 与金融导师，面向全球征集金融与算法精英。, ,大赛现已正式启动报名，立即报名请戳：, , , ,在金融领域，每 24 小时都会产生大约 2.5 亿字节的数据，早已超过人脑处理极限。面对全球百万亿美元的资产管理 规模，行业迫切需要人工智能的加入，提升行业效率，让投资变得更容易。 , ,大赛由中国证券投资基金业协会金融科技专业委员会携手易方达基金、华夏基金、通联数据及阿里云共同主办。大 赛全程由通联数据提供金融数据支持与算法指导，依托天池大数据众智平台进行，面向全球征集金融与算法精英。, , ,香港科技大学计算机科学及工程学系主任，同时任国际人工智能协会（AAAI）执行委员会委员，是 AAAI 至今唯一 一位华人执委。 , ,曾先后任 Barra 股票研究副总裁、Blackrock 董事总经理。主要研究方向包括大盘股组合管理、量化选股、风险管理等。 , ,上海交大金融研究院副院长、上海高级金融学院金融学教授。曾在中金公司、AIG 等大型金融机构担任高级管理职务。 , ,同时任阿里云数据事业部资深数据科学家，曾先后在 IBM T.J. Watson 研究所，IBM Singapore 及 Google 担任研究员。 , ,大赛评委还包括上海龙之量投资管理公司董事总经理王继忠、香港科技大学副教授尤海峰、芝加哥布斯商学院副教授丛林、通联数据首席科学家蒋龙等，在金融及科技行业均有着丰富的经验。, ,我们还将邀请大赛导师为选手深度解析 KDD CUP、ImagNet、IJCAI 等国际顶尖技术赛事的历年赛题与制胜秘诀；还会与选手分享华尔街的经历与传奇。, , ,01. A 股上市公司营业收入预测 ,在价值投资成为股票市场主流的背景下，准确预测公司营业收入成为投资制胜的重要手段。但基金经理和研究员面临的挑战是，难以高效跟踪数据，对众多上市公司营收进行准确预测。这次，我们将尝试借助算法的力量解决这一 难题。 ,02. A 股上市公司公告信息抽取 ,在投资研究过程中，上市公司公告是投资者的重要参考材料，挖掘公告重要信息是研究员每日的必要功课，但海量公告却令人脑难以负荷。我们将尝试让机器根据需求，自动抽取结构化数据，帮助研究员高效跟踪个股异动，快速获取投资线索。 , , ,金融市场充满了不确定性，对技术应用的要求更高。因此，FDDC2018 为获胜团队准备了更为丰厚奖励： ,大赛冠军：25 万人民币（两大赛题各一支队伍） ,大赛亚军：10 万人民币（两大赛题各一支队伍） ,大赛季军：5 万人民币（两大赛题各一支队伍） ,最具创意极客：1 万人民币（两大赛题各一支队伍） ,最具潜力极客：1 万人民币（两大赛题各一支队伍） ,入围决赛的队伍还将受邀参加“Geekbar——主办企业与选手深度交流会”，有机会获得顶尖金融及科技公司高管直 聘机会。 , , , ,截至目前，已有超 1000 支来自世界各地的队伍参与到角逐中。大赛也将陆续在北大、清华、复旦、上海交大，以及 麻省理工大学、卡耐基梅隆大学、斯坦福大学等海内外顶尖学府展开推广。, ,本次大赛共有初赛、复赛、决赛答辩三个赛段：,大赛赛程中，来自通联数据与阿里巴巴的算法专家将为参赛选手提供全方位的赛题辅导，大赛导师及评委将为选手答疑解惑，并对选手表现进行深度点评，帮助选手突破自我，快速成长。, , , ,戳大赛官网，直接报名：, ,还可关注公众号：DataYes2012，我们会第一时间更新大赛最新资讯及赛题详解。 , ,---- ,通联数据是中国万向旗下的一家金融科技公司。致力于 将大数据、云计算、人工智能等前沿技术和专业的投资理 念相结合，打造具有革命意义的金融服务平台。",发表于2018-05-23 15:03:47,百万奖金、AI导师，全球金融算法赛邀你来战,https://bbs.pku.edu.cn/v2//v2/post-read.php?bid=896&threadid=16423965
yetao,"机器学习算法工程师,#坐标：北京,#请将简历发至以下邮箱，并注明：求职岗位+姓名 ,huangwei@airdoc.com ,【职位描述】 ,- 负责医疗相关数据的数据挖掘，模型建立工作；,- 与工程团队合作，负责相关技术的产品化落地；,【任职要求】 ,- 计算机、电子、自动化等相关专业毕业，或非相关专业但已有多年计算机互联网行业从业经验； ,- 有良好编程基础，熟悉python／lua等至少一门脚本语言，熟悉c／c++编程； ,- 熟悉机器学习基本理论，熟悉分类、回归、降维、ensemble等； ,- 熟悉深度学习基本理论，熟悉利用DNN／CNN／RNN进行特征学习； ,- 熟悉caffe，CNTK, tensorflow，mxnet等至少一个深度学习框架，熟悉scikit-learn等机器学习库； ,- 有相关经验，kaggle等竞赛经验优先。,----------------------------------------------------------------------,关于我们,Airdoc是由一流团队构成的医疗领域人工智能企业，由来自微软、三星、雅虎、新浪等顶尖公司的技术产品团队组建。Airdoc利用深度学习技术，在医学专家指导下形成算法模型服务，实现特定病变组织的检测、组织分割、影像识别分类等，致力于提高医生的工作效率。,Airdoc深耕医疗行业，与美国约翰·霍普金斯医院、北京协和医院、温州医科大学眼视光医院、北京同仁医院等顶尖医疗机构在人工智能辅助诊断 、医学影像识别等领域建立深度合作，推动医疗产业智能化升级。,Airdoc总部位于北京海淀，已在北京、上海、广州以及美国硅谷等地设立研发中心。立足中国，汇集全球顶尖人才，合力打造领先的人工智能企业。,加入我们，参与这个激动人心的创新历程吧！ ,关于创始人,张大磊，创始人兼首席执行官,曾担任微软Excel产品经理，PPTV聚力副总裁、新浪副总裁。基于在健康医疗及互联网领域的影响力，张大磊先生多次受邀出席国家公共卫生部门及健康医疗领域行业会议并发表演讲，现为中国健康促进与教育协会移动健康分会常委和相关领域国家标准的起草顾问。,公司荣誉,2016年10月18日，世界人工智能大会正式发布《中国人工智能产业发展报告》，公司凭借其产品Airdoc系列入围新智能top100 ——“未来中国最具影响力及潜力的人工智能企业名单”。,2016年12月16日，Airdoc与中国人工智能学会签约合作，由Airdoc资助未来数年吴文俊人工智能科学技术奖，双方将在产学研用领域加强深度合作。,2017年5月10日，Airdoc凭借其人工智能眼底图像自动识别技术，亮相科技领域顶级盛会微软全球开发者大会，也是中国企业首次亮相微软全球高管的Keynote环节。,2017年9月16-17日，“2017长江产业论坛(秋季)暨医疗健康大数据与人工智能大会”在武汉举行，Airdoc凭借在众多医院的实际应用获得《中国医疗大数据与人工智能产业优秀实践案例》奖项。,鉴于公司成立以来在健康与医疗行业的影响力，公司CEO张大磊先生当选为中国健康促进与教育协会移动健康分会常务委员以及相关领域国家标准的起草顾问。,获取公司更多资讯： ,-查看官方网站www.airdoc.com ,-搜索“air-doc”关注微信公众号",发表于2018-05-23 17:02:19,[实习][Airdoc] AI医疗 机器学习算法工程师,https://bbs.pku.edu.cn/v2//v2/post-read.php?bid=896&threadid=16424072
EmilyMENG,"一.工作职责：,1.        在Hadoop/Spark上开发大规模数据处理系统，存储并索引海量数据,2.        利用SQL，hiveSQL获取、存储数据, ,二.任职资格：,1.        计算机/数学/统计学等相关专业本科以上学历；,2.        理解分布式存储、索引,3.   熟练使用SQL，HiveSQL，熟悉Hadoop/Hive以及Map-Reduce计算模式，熟悉Spark等尤佳；,4. 掌握海量数据处理技术，有数据分析经验，有Spark，Kafka，Elasticsearch，Hbase等分析、存储海量数据的能力和经验尤佳；, , ,三.工作待遇：,1. 竞争力的薪资，按天计算；,2. 每天有餐补，水果配送；,3. 同事萌萌哒，节假日福利棒棒哒。, ,四.地点：,北京市海淀区中关村软件园滴滴钻石大厦B座, ,五.其他要求：,    1. 现在就可开始实习, 一周不少于四天, 保证3个月及以上,有意向的同学请把简历发到 zhangkunlei@didichuxing.com,简历文件名格式为：姓名+学校+专业+滴滴出行大数据实习生,顶一个,EmilyMENG (林兮兮) 在 ta 的帖子中提到：,一.工作职责：,1.        在Hadoop/Spark上开发大规模数据处理系统，存储并索引海量数据,2.        利用SQL，hiveSQL获取、存储数据,……,顶一顶,EmilyMENG (林兮兮) 在 ta 的帖子中提到：,一.工作职责：,1.        在Hadoop/Spark上开发大规模数据处理系统，存储并索引海量数据,2.        利用SQL，hiveSQL获取、存储数据,……",发表于2018-05-30 13:23:04,【实习-滴滴出行AI labs】大数据实习生,https://bbs.pku.edu.cn/v2//v2/post-read.php?bid=896&threadid=16431098
KernelLZ,"计算机/互联网,职位描述：,1、负责语音识别相关算法的研究与开发，如语音前端处理、声学模型训练、声学建模、识别优化等； ,2、跟踪国内外最新的语音识别相关先进技术；,任职要求：,1、教育背景：语音识别硕士二年级或博士二年级以上；,2、对机器学习、模式识别中的一个方面或者多个方面有比较深入的了解。在关于语音识别的信号处理、声学建模、语言建模等一个或多个方面有较深入研究优先。,3、熟悉python、shell、C/C++中一种或多种编程语言和代码规范，有tensorflow、pytorch或者其他主流机器学习框架实践经验为佳。,4、较强的沟通和表达能力，良好的抗压能力，有较强的自学习能力和团队协作精神；英文良好。,邮箱:,liangmingxin@didichuxing.com",发表于2018-05-30 17:44:09,【实习】滴滴出行 AI-LABs 语音组实习生,https://bbs.pku.edu.cn/v2//v2/post-read.php?bid=896&threadid=16431375
linguosen,"机器人/自动化技术实习生,简历发送至：linguosen@interns.chuangxin.com ,简历文件名(注意命名格式)：姓名+学校+机器人自动化技术实习生+实习开始时间+可连续实习多少个月.pdf,待遇：月薪5000，免费午餐，各种零食。,地点：中关村鼎好大厦A座10层,职位描述：,1. 验证和完善最前沿的机器人、自动驾驶及工业自动化领域的前沿技术；,2. 参与制造、物流等行业中，机器人和自动化技术相关的软硬件系统，或演示性的原型产品的研发；,3. 参与AI Challenger相关的机器人和自动驾驶数据集及验证算法的创建。,职位要求：,1. 机器人、自动控制、精密仪器、机械电子、计算机科学或相关技术学科的在读学士、硕士或博士；,2. 熟悉机器人和自动化领域的硬件体系或软件平台；,3. 在传感器、视觉感知、人机协作、自动规划、自动控制等技术方向中的一个或多个有一定的经验和积累；,4. 较强的软硬件结合的研发能力。,这个一周最少几天，最少几个月呢？,linguosen (林国森~梦里的风筝) 在 ta 的帖子中提到：,机器人/自动化技术实习生,简历发送至：linguosen@interns.chuangxin.com ,简历文件名(注意命名格式)：姓名+学校+图像视觉实习生+实习开始时间+可连续实习多少个月.pdf,……,四个工作日，四个月,xwzd (希望之盾) 在 ta 的帖子中提到：,这个一周最少几天，最少几个月呢？,继续招人哈,linguosen (林国森~梦里的风筝) 在 ta 的帖子中提到：,机器人/自动化技术实习生,简历发送至：linguosen@interns.chuangxin.com ,简历文件名(注意命名格式)：姓名+学校+图像视觉实习生+实习开始时间+可连续实习多少个月.pdf,……,想问下这个命名也是“图像视觉实习生”吗？还是“机器人/自动化技术实习生”？,linguosen (林国森~梦里的风筝) 在 ta 的帖子中提到：,机器人/自动化技术实习生,简历发送至：linguosen@interns.chuangxin.com ,简历文件名(注意命名格式)：姓名+学校+图像视觉实习生+实习开始时间+可连续实习多少个月.pdf,……,不好意思，写错了,pinki (小甜甜) 在 ta 的帖子中提到：,想问下这个命名也是“图像视觉实习生”吗？还是“机器人/自动化技术实习生”？", 最后修改于2018-06-10 11:53:19,【创新工场-AI工程院】机器人/自动化技术实习生,https://bbs.pku.edu.cn/v2//v2/post-read.php?bid=896&threadid=16431876
linguosen,"简历发送至：linguosen@interns.chuangxin.com ,简历文件名(注意命名格式)：姓名+学校+图像视觉实习生+实习开始时间+可连续实习多少个月.pdf,待遇：月薪5000，免费午餐，各种零食。,地点：中关村鼎好大厦A座10层,职位描述：,1. 验证和完善最前沿的计算机图像、计算机视觉算法；,2. 参与金融、医疗、零售、制造、物流等行业中，计算机视觉相关的科研和工程实践项目，或演示性的原型产品的研发；,3. 参与AI Challenger相关的计算机视觉数据集及验证算法的创建。,职位要求：,1. 计算机科学或相关技术学科的在读学士、硕士或博士；,2. 扎实的数学和计算机科学基础，熟悉机器学习特别是深度学习的基本原理；,3. 动手编写代码的能力强，较多的Python或Java代码开发经验；,4. 熟悉TensorFlow等深度学习框架和工具，熟悉图像分类、对象检测等典型的计算机视觉任务；,5. 同时熟悉2D/3D计算机图像算法者优先。,请问投递简历多久会安排面试呢？如果一周内没收到面试邀请是不是意味着简历没过？,linguosen (林国森~梦里的风筝) 在 ta 的帖子中提到：,简历发送至：linguosen@interns.chuangxin.com ,简历文件名(注意命名格式)：姓名+学校+图像视觉实习生+实习开始时间+可连续实习多少个月.pdf,待遇：月薪5000，免费午餐，各种零食。,……,嗯嗯，大概十个工作日内会安排。没有收到通知可能技能跟岗位有差别，不太合适,AlexWind (Alex) 在 ta 的帖子中提到：,请问投递简历多久会安排面试呢？如果一周内没收到面试邀请是不是意味着简历没过？,继续招人哈,linguosen (林国森~梦里的风筝) 在 ta 的帖子中提到：,简历发送至：linguosen@interns.chuangxin.com ,简历文件名(注意命名格式)：姓名+学校+图像视觉实习生+实习开始时间+可连续实习多少个月.pdf,待遇：月薪5000，免费午餐，各种零食。,……",发表于2018-05-31 01:12:59,【创新工场-AI工程院】图像视觉实习生,https://bbs.pku.edu.cn/v2//v2/post-read.php?bid=896&threadid=16431874
sensate,"【实习】【实在智能】法律同学的AI大数据专/兼职实习机会！,< 时间自主，不打卡，创业公司 >,公司描述：,•        我们是一家华丽低调创业公司，高速发展规模扩张阶段，通过AI大数据满足人民对美好生活对追求,•        团队规模15人，深耕大数据人工智能领域,•        本次招聘“法律AI助理研究员”,岗位职责：,•        学习了解各类诉讼案件案由及相应判决文书,•        负责梳理分析判决特征因素、提取特征结构化描述以及针对bad-case回溯优化,•        跟着大牛们学习数据挖掘、人工智能，深度参与模型训练过程,工作要求：,•        法律及相关专业在校学生，法律基础扎实,•        空闲时间较多，大二、大三、大四（保研）、研一尤佳,•        base杭州尤佳（其他地区也可，不要求坐班）,•        细致认真，较强的推理与逻辑思维，具有钻研精神,•        有志于运用科学实现司法领域颠覆式创新,薪资待遇：,•        300-600元/案由（每种案由平均2-3天工作量，时间可自由分配）,联系方式：,•        简历发送邮件：hr@i-i.ai,还招人吗楼主~,sensate (Sensate) 在 ta 的帖子中提到：,【实习】【实在智能】法律同学的AI大数据专/兼职实习机会！,< 时间自主，不打卡，创业公司 >,公司描述：,……",发表于2018-06-01 10:28:45,【实在智能实习】法律同学AI大数据专/兼职实习机会,https://bbs.pku.edu.cn/v2//v2/post-read.php?bid=896&threadid=16433213
annyang,"实习生招聘,【小爱产品组 招实习生！】靠谱岗位，前沿技术，转正机会，求推荐求自荐！ ,岗位：产品实习生,部门：小爱产品团队,部门介绍：我们是备受米粉喜爱的“小爱同学”，是小米智能语音产品背后的大脑，我们设计的产品落地在小爱音箱、小米手机语音助手、小寻儿童手表等十几款设备上。,岗位描述:,1、参与小爱的语音交互设计中；,2、思维活跃，有创意，文字功底好,2、有用户研究经验，能熟练掌握问卷、访谈、焦点小组、实验室研究等多种研究方法；, ,职位要求:,1、对移动互联网行业感兴趣，热爱产品经理工作，渴望挑战；,2、对人工智能产品、智能硬件和各种黑科技感兴趣者优先，有互联网公司实习经验者、了解搜索引擎优先 ；,3、可保证每周五天，实习时间6个月以及上者优先。,简历投递地址:  weihuan@xiaomi.com",发表于2018-06-01 12:25:26,【实习】【小米小爱团队】AI产品实习生，转正机会,https://bbs.pku.edu.cn/v2//v2/post-read.php?bid=896&threadid=16433351
HOLYMOLLY,"职位描述,1. 利用滴滴海量的出行语音数据，参与公司核心语音识别算法的设计和研究；,2. 跟踪研究业界领先的语音识别新算法及技术；,3. 参与日常识别相关数据整理、声学模型训练等工作；,4. 配合产品完成业务相关的需求及指标。,任职要求,1.  具有计算机，电子工程，自动化，数学等相关专业本科及以上学历；,2.  编程基础扎实，熟悉常用算法与数据结构；,3.  有语音识别，语音合成，信号处理，声纹识别等项目经验者优先；,4.  熟悉常用的深度学习模型和机器学习方法，包括且不限于CNN、RNN、LSTM、Attention等；,5.  熟悉Tensorflow, Pytorch等常用深度学习工具者优先；,6.  工程能力强，对C++有深入理解者优先；,7.  使用过Kaldi，HTK等工具者优先；,8.  对语音技术感兴趣，有热情者优先；,9.  自我驱动，动手能力强，有团队合作意识；,10.  可以尽快入职，实习时间不少于三个月；,联系方式请将简历发到jiangdongwei@didichuxing.com，我们会尽快安排面试,There is blood in the water, let's go kill someone!",发表于2018-06-05 11:22:30,【实习】【滴滴】AI Labs实习生,https://bbs.pku.edu.cn/v2//v2/post-read.php?bid=896&threadid=16437686
cicccampus,"Title:                        Intern,Department:        CICC Capital Management Department,Group：        Alternative Investment,Location:                Beijing,Date of Hire:        ASAP,Job Description,        Perform basic financial and statistical analysis.,        Conduct research, prepare support documentation and assist in due diligence efforts.,        Coordinate and utilize of a variety of support services, e.g., financial modeling, graphics, printing, library, computer services.,        Assist in other project support upon request.,Requirements,        Full time university student. ,        Relevant majors and internship experience in PE, IB or Research.,        Strong financial and accounting knowledge.,        Good in business writing.,Skills and Abilities,        Customer-oriented mentality.,        Effective communicator.,        Excellent interpersonal skills, integrating tact and diplomacy. ,        Strong self-starter, self-confident & energetic.,        Detail oriented and can-do attitude.,        Good command in English.,Application,感兴趣的同学请尽快发送简历到talent@cicc.com.cn。,简历请以“CCM-AI- Intern-University-Major-Name”命名。,请于邮件正文写明：目前所在城市，可面试时间，预计实习时间，每周实习天数。,Disclaimer,The preceding job description has been designed to indicate the general nature and level of the work performed by employees within this classification. It is not designed to contain or be interpreted as the comprehensive inventory of all duties, responsibilities and qualifications required of employees assigned to this job.",发表于2018-06-12 10:07:47,【实习】【中金公司】AI实习生招聘,https://bbs.pku.edu.cn/v2//v2/post-read.php?bid=896&threadid=16445276
BOBBY,"一、任职资格：,1. 你是学生身份，最好是大二/大三/研一/研二的同学，一周至少到岗4天，马上上岗，实习3个月以上,2. 外向，善于沟通，足够细心、耐心； ,3. 熟练使用PS，同时掌握PPT、Excel等办公软件。 ,4.正直诚信、有一定创新能力。,另：工作地在北京海淀区新中关购物中心对面——丹棱soho，为避免浪费双方时间，请确认能接受再投递简历，谢谢。,二、工作职责：工作内容参考（根据个人情况调整）： ,1、新员工入职管理：引导新员工工位沟通新人事项，传达与统计相关的信息。,2、人员花名册更新：每周更新部门人员异动信息。,3、会议室预约与相关会议组织。,4、辅助、支持招聘工作，提报并跟进系统招聘流程。,5、协助招聘流程梳理、培训组织等相关工作。 ,6、问卷调研制作,三、薪资福利,1、日薪180-280,2、免费晚餐，水果零食，打车报销,四、联系方式：,1、邮件至yaozhiqi@100tal.com ,2、主题标明【人力资源实习生】+姓名+每周实习天数+最长实习时间+最快到岗日期,五、企业简介,TAL Education Group 好未来 (NYSE:XRS)，英文缩写：TAL（Tomorrow Advancing Life），是一家中国领先的教育科技企业，以科技驱动、人才亲密、品质领先为发展的核心目标。自创立以来，一直致力于促进科技互联网与教育融合，为孩子创造更美好的学习体验。,10余年来，好未来专注在中小学及幼儿教育领域，旗下拥有五个主品牌：学而思培优、智康1对1、摩比思维馆、学而思网校和家长帮。其中，学而思培优作为K12高端培优教育平台，下设三个子品牌：学而思理科、乐加乐英语和东学堂语文。每年，在全国15个城市，有50余万学员走进好未来的课堂，另有30万学员通过网校获取优质的教育资源。另外，好未来旗下的家长帮是国内覆盖面广、可信度高的教育互联网信息平台，月度活跃用户达2800万人。,2010年10月20日，好未来的前身学而思在美国纽交所正式挂牌交易（NYSE:XRS），成为国内首家在美上市的中小学教育机构。,好未来已投的披露项目有宝宝树、Minerva大学、果壳网、考研网（5000万）、多贝网、LTG、鲨鱼公园、嘿哈科技、奇迹网校等，另还有数十家未披露项目。",发表于2018-06-05 14:49:39,【好未来/学而思】AI Lab人力资源实习生,https://bbs.pku.edu.cn/v2//v2/post-read.php?bid=896&threadid=16437956
lkhjakey,"当下最火的AI大佬创业公司招聘项目管理实习生啦～,坐标上地三街，创始人林元庆博士为前百度研究院院长，联合创始人Silvio Savarese博士是斯坦福大学计算机科学系终身教授和SAIL-Toyota for AI斯坦福研究中心主任（Also known as Li Feifei's husband :D ). ,公司高速发展中，许多非常创新的产品都处于落地阶段，希望找到有技术背景且有意在人工智能行业和项目管理方向深耕的同学加入我们～,招聘JD如下。感兴趣的同学请发送简历至khluo@aibee.com。,------------------,AI项目管理实习生：,岗位描述：,1.        协助公司内部AI项目的管理工作，对具体项目的细节进行跟进。,2.       协助制定项目计划，分析项目风险，落实项目工作，做好项目总结。,3.       与各相关方保持良好沟通，推动项目有效开展。,4.       协助产品/市场团队日常管理工作。 ,岗位要求：,1.        计算机和通讯相关专业，硕士学历优先。,2.       良好的沟通能力，积极主动，有责任感，学习能力强。,3.       对人工智能行业和项目管理工作有热情。,4.       能长期实习者优先。,------------,附公司介绍：,Aibee由林元庆博士于2017年11月创立。公司名称Aibee寓意AI2B，意在利用AI技术赋能升级传统行业。,Aibee将致力于搭建算法与数据闭环，打磨极致AI技术。从行业用户的痛点和核心价值出发，融合计算机视觉、语音识别、自然语言理解、大数据分析等多模态AI技术，提供完整的AI解决方案，切实帮助传统行业实现AI赋能升级。,林元庆博士是原百度研究院院长，拥有清华大学光学工程硕士学位和宾夕法尼亚大学电气工程博士学位。曾带领团队取得多项重要计算机视觉技术国际测试世界第一、在《最强大脑》的人机对战中获得胜利、技术成果在业界广泛落地 。2016年入选北京市海外高层次人才。林元庆还曾任深度学习技术及应用国家工程实验室主任、NEC Labs America媒体分析部门负责人、 NIPS大会领域主席、大规模视觉识别和检索国际研讨会联合主席等。,Silvio Savarese博士是斯坦福大学计算机科学系终身教授和SAIL-Toyota for AI斯坦福研究中心主任，拥有加州理工大学电气工程博士学位。Silvio Savarese在计算机视觉特别是视觉三维重建等领域有着极高的学术影响力，荣获 James R. Croes 奖章和谷歌研究奖等多个重量级奖项。 Silvio Savarese博士曾担任伊利诺伊大学Urbana-Champaign分校Beckman研究所的研究员，安娜堡密歇根大学担任电气和计算机工程副教授。",发表于2018-06-06 13:55:08,【实习】明星AI公司Aibee招聘AI项目管理实习生,https://bbs.pku.edu.cn/v2//v2/post-read.php?bid=896&threadid=16439137
scottw,"【项目背景】本项目是IBM公司利用人工智能技术打造的互联网医疗项目，在这里你能接触到世界领先的AI技术与解决方案，可以与咨询、医疗以及人工智能领域专家面对面沟通交流,【工作地点】 北京市昌平区生命科学园,【待遇】一经录用，待遇从优；在版上算是很有竞争力的，具体面试谈；公司每天中午提供工作餐；要求每周至少全职工作4天（岗位4可酌情考虑远程办公）,岗位1：生物医学实习生,【职责】,1、协助产品经理，推动人工智能技术在产品线中落地,2、持续关注挖掘用户需求，负责线上数据统计与分析，梳理AI使用场景，将场景转化为产品需求,3、参与线下用户和医学专家访谈，整理访谈结果,【能力要求】,1、生物医学相关专业优先，对计算机技术与互联网产品充满热情与好奇心,2、扎实的数理统计功底，熟练操作各类办公软件，尤其是是excel,3、项目节奏快，抗压能力强,岗位2：人工智能图片识别标注实习生,【职责】,1.应用公司标注平台对图片中的类型进行框选并正确标注,2.负责图片的简单处理,【能力要求】,责任心强，耐心细致,岗位3：产品运营实习生,【职责】,负责设计产品内容，文案书写，线上线下产品推广。,【能力要求】,1、熟悉新媒体，有相关运营经验者最佳；,2、英语好，文笔好,3、对生物医疗领域感兴趣,岗位4：临床医学实习生,【职责】,负责常见医学问题FAQ答案编辑与整理,【能力要求】,1、正规医学院在校本科生，硕士生或者博士生；,2、具备医院实际临床经验，对常见慢性病（高血压，糖尿病，脑中风等）熟悉，心内科，内分泌科，神经内科最佳,3、有过论文写作经验，具有熟练的资料查询、引用技能。,4、熟练的Office工具（特别是excel）应用能力。﻿,岗位5：产品经理助理实习生,【岗位职责】,1、协助产品经理，推动人工智能技术在产品线中落地,2、持续关注挖掘用户需求，跟踪国内外AI竞品，梳理AI使用场景，将场景转化为产品需求，优化迭代产品,3、协助产品经理与医学专家沟通，作为医学专家与AI科学家的桥梁，推动项目进度,【能力要求】,1、拥有互联网产品接口文档撰写经验优先，熟悉API，数据库等基础知识，能够与开发人员高效沟通,2、对医学知识和AI技术拥有强烈好奇心,3、熟悉Axure最佳,4、善于沟通和推进项目,岗位6：数据爬虫实习生,【能力要求】,1、计算机相关专业背景,2. 熟悉Python语言,3.有爬虫经验,岗位7：产品测试实习生,【岗位职责】,1、根据产品规范编写测试计划，设计测试数据和测试用例；,2、实施软件测试，并对软件问题进行跟踪分析和输出报告，推动测试中发现问题及时合理地解决；,3、完成对产品的集成测试与系统测试，对产品的功能、用户体验及其他方面的测试负责；,4、提出对软件的进一步改进的要求并评估改进方案是否合理。,【任职要求】,1、本科及以上，计算机相关专业；,2、了解性能测试工具，有性能测试经验者优先；,3、熟悉oracle或MySql数据库，熟悉各类操作系统；,4、热爱软件测试工作，可以胜任重复性工作，工作细致认真，有耐心；,5、有较强的逻辑分析能力和学习能力，具备较强的总结能力；,6、拥有较好的沟通技巧及团队合作精神，较强的责任感及进取精神；,7、工作积极主动，有强烈的责任心，良好的沟通能力；﻿,请发送中英文简历至wubc@cn.ibm.com,sigh。。。,顶,scottw (???) 在 ta 的帖子中提到：,【项目背景】本项目是IBM公司利用人工智能技术打造的互联网医疗项目，在这里你能接触到世界领先的AI技术与解决方案，可以与咨询、医疗以及人工智能领域专家面对面沟通交流,【工作地点】 北京市昌平区生命科学园,【待遇】一经录用，待遇从优；在版上算是很有竞争力的，具体面试谈；公司每天中午提供工作餐,……,sigh。。。,岗位2一定要坐班嘛,scottw (???) 在 ta 的帖子中提到：,【项目背景】本项目是IBM公司利用人工智能技术打造的互联网医疗项目，在这里你能接触到世界领先的AI技术与解决方案，可以与咨询、医疗以及人工智能领域专家面对面沟通交流,【工作地点】 北京市昌平区生命科学园,【待遇】一经录用，待遇从优；在版上算是很有竞争力的，具体面试谈；公司每天中午提供工作餐,……,大部分时间不用，每周如果能来1-2天现场沟通是最好的,CassioIris (艾立恩) 在 ta 的帖子中提到：,岗位2一定要坐班嘛,sigh。。。,已更新到5个岗位,scottw (???) 在 ta 的帖子中提到：,【项目背景】本项目是IBM公司利用人工智能技术打造的互联网医疗项目，在这里你能接触到世界领先的AI技术与解决方案，可以与咨询、医疗以及人工智能领域专家面对面沟通交流,【工作地点】 北京市昌平区生命科学园,【待遇】一经录用，待遇从优；在版上算是很有竞争力的，具体面试谈；公司每天中午提供工作餐；要求每周至少全职工作4天（岗位4可酌情考虑远程办公）,……,sigh。。。,顶,scottw (???) 在 ta 的帖子中提到：,【项目背景】本项目是IBM公司利用人工智能技术打造的互联网医疗项目，在这里你能接触到世界领先的AI技术与解决方案，可以与咨询、医疗以及人工智能领域专家面对面沟通交流,【工作地点】 北京市昌平区生命科学园,【待遇】一经录用，待遇从优；在版上算是很有竞争力的，具体面试谈；公司每天中午提供工作餐；要求每周至少全职工作4天（岗位4可酌情考虑远程办公）,……,sigh。。。", 最后修改于2018-04-18 17:47:58,【IBM】人工智能医疗咨询项目全职实习生（更新）,https://bbs.pku.edu.cn/v2//v2/post-read.php?bid=896&threadid=16355777
wirity,"与算法专家共同参与讨论语音识别、图像识别等项目的研发。主要工作内容为语音识别相关技术研发,在校生，计算机、数学相关专业,每周工作4天或以上，连续2个月或以上,如果熟悉机器学习、linux环境下的c/c++、语音识别相关算法（HMM/贝叶斯/n-gram/WFST理论等），使用过语音识别相关开源工具（kaldi/srilm/HTK等）的更棒,北京市朝阳区北辰世纪中心,120-200元/天,我们是含着金汤匙降生深藏不露的潜力股，目前主要在语音识别领域发力，从基础标注、核心算法到应用程序开发，紧密结合使用场景，为海外市场提供语音识别、图像识别和文本识别等方面的核心技术及解决方案。团队里有十几年丰富工作经验的“老”司机，也有北大MBA小哥哥，各路跨界大神时不时就掀一场头脑风暴；工作氛围自带“吸人”属性，特别是有追求、有能力、爱生活、会开车且对人工智能感兴趣有研究的能人们，一入公司门根本不想离开，感觉随时可能被知识淹没、被领导的才华征服！,感兴趣的同学欢迎骚扰ying.pan@1-dimension.com, ",发表于2018-03-26 16:53:50,【实习】人工智能算法类实习生,https://bbs.pku.edu.cn/v2//v2/post-read.php?bid=896&threadid=16368090
qqyyxx,"公司简介：公司网址：,    微博：,迈外迪网络科技有限公司（WiWide.com），于2007年在中国最早开展商业Wi-Fi网络综合服务，以“云＋端”的技术创新和“后向运营”的商业模式创新，开创了商业Wi-Fi这一全新市场。迈外迪已成长为中国智能商业构架及运营服务提供商。2013年迈外迪获得小米B轮投资，2014年获得腾讯、大众点评C轮投资。截止目前，迈外迪已经向21个国内大型机场、包括星巴克在内超过500个连锁品牌的全国门店提供服务，覆盖40万多个商业场所，每日网络用户超过500万人次。,现在，迈外迪正在将产品方向由商业Wi-Fi网络转为提供全方位的商业智能解决方案，发力打造为提高线下商业的管理和运营效率的智能商业产品系列。为此，公司于2017年成立了人工智能技术研究院，研发智能商业所需要的人工智能技术。目前的研究方向有图像理解、商业数据挖掘、机器学习和深度学习。,现人工智能技术研究院面向高校相关专业学生招收人工智能技术的算法实习生：,工作地点：北京中关村立方庭,简历投递：intern_hiring@wiwide.com,岗位名称：图像算法工程师,岗位职责：,1.  使用最新的深度学习技术处理海量的图片数据；,2.  进行图像中特定物体的检测，视频中的特定物体跟踪，图像语义理解等算法研究工作；,3.  负责算法在应用场景的落地。,任职资格：,1. 有图像处理、图像识别、或图像理解相关项目经验；,2. 熟练掌握一门常用数据处理脚本语言，如python或者perl ，熟悉基于该语言的常用开源算法；,3. 对图像处理、或图像识别、或计算机视觉的某一研究领域有较深的研究 ；,4. 使用过基于卷积神经网络的图像识别、目标检测方法。,5. 相关专业在校硕士生或博士生。,有以下经验者优先考虑：,1. 精通C/C++，能够编写高质量代码；,2. 对Caffe或TensorFlow或Darknet的源码有较深入的了解；,3. 熟练的英语阅读能力，能够阅读英文论文，具有良好的自学能力，能快速了解最新的学术进展。,---------------------------------------------------------------------,岗位名称：数据挖掘算法工程师,岗位职责：,1.负责机器学习算法的设计和开发，从商户运营数据中发掘价值、规律、和模式；,2.负责分析和理解云端收集的海量商户运营数据，以数据驱动商户的运营管理能力的提升；,3.负责整理日志数据得到实验所需的训练和评测数据，并训练算法模型和评估质量；,4.负责机器学习算法在产品系统中的实现和应用，推送算法在具体场景的落地。,任职资格：,1. 具备机器学习、或统计学习、或深度学习方向的理论背景；,2. 熟练掌握一门常用数据处理脚本语言，如python或者perl，熟悉基于该语言的常用开源算法；,3. 具备扎实的数学功底和逻辑分析能力，具备数据分析和归纳能力，具备敏锐的数据洞察能力；,4. 熟练使用支持LR、GBDT、或DNN等常用模型的开源工具，对机器学习开源工具的发展有持续的兴趣和跟进；,5. 相关专业在校硕士生或博士生。,有以下经验者优先考虑：,1. 精通C/C++，能够编写高质量代码；,2. 有hadoop，spark等相关经验；,3. 对于某一个常用的机器学习开源代码非常熟悉：如xgboost、caffe、mxnet、或TensorFlow；,4. 熟练的英语阅读能力，能够阅读英文论文，具有良好的自学能力，能快速了解最新的学术进展。,--﻿",发表于2018-03-22 15:14:08,【实习】【迈外迪】人工智能研究院招聘算法实习生,https://bbs.pku.edu.cn/v2//v2/post-read.php?bid=896&threadid=16363970
wanghm,"可惜只做过ML，没做过CV和DL,nma (学长好) 在 ta 的帖子中提到：,【Face++】 内推，实习/正式，算法/研发/产品岗，可发至邮箱 maningning@megvii.com,【研究类】,工作职责：,……",发表于2018-03-31 22:58:24,Re: 【Face++ 内推】人工智能独角兽,https://bbs.pku.edu.cn/v2//v2/post-read.php?bid=896&threadid=16371204
fever,"【你即将】,与算法专家共同参与讨论语音识别、图像识别等项目的研发。主要工作内容为语音识别相关技术研发,【希望你】,在校生，计算机、数学相关专业,每周工作4天或以上，连续2个月或以上,如果熟悉机器学习、linux环境下的c/c++、语音识别相关算法（HMM/贝叶斯/n-gram/WFST理论等），使用过语音识别相关开源工具（kaldi/srilm/HTK等）的更棒,【坐标】,北京市朝阳区北辰世纪中心,【薪酬】,120-200元/天,【我们】,我们是含着金汤匙降生深藏不露的潜力股，目前主要在语音识别领域发力，从基础标注、核心算法到应用程序开发，紧密结合使用场景，为海外市场提供语音识别、图像识别和文本识别等方面的核心技术及解决方案。团队里有十几年丰富工作经验的“老”司机，也有北大MBA小哥哥，各路跨界大神时不时就掀一场头脑风暴；工作氛围自带“吸人”属性，特别是有追求、有能力、爱生活、会开车且对人工智能感兴趣有研究的能人们，一入公司门根本不想离开，感觉随时可能被知识淹没、被领导的才华征服！,感兴趣的同学欢迎骚扰ying.pan@1-dimension.com",发表于2018-04-09 09:45:18,【实习】人工智能算法实习生,https://bbs.pku.edu.cn/v2//v2/post-read.php?bid=896&threadid=16380382
tanyvtong,"【实习】小米人工智能与云平台小爱组招募,-人数：2人,项目介绍：手机端语音助手，公司战略级产品，前沿AI应用方向，下一代人机交互核心落地场景，可触达亿级用户。,【工作职责】,-协助产品经理完成手机端小米智能交互产品设计，跟进项目落地；,-跟进各项数据与用户侧体验，及时发现产品的潜在问题,-鼓励能力突出者大胆创新，独立负责业务方向,-深入研究竞品，产出竞品报告,-完成其他产品岗相关任务,【工作要求】,-2019年及以后毕业，本科及以上学历，专业不限，有计算机、电子、工业设计、交互设计背景的同学优先,-有产品/创新创业相关经历的同学优先,-沟通能力、抗压能力强；熟练使用 Office 、Axure等工具软件,-可保证每周五天，实习时间6个月以及上者优先,-对互联网，人工智能，智能硬件方面有一定的了解优先,-思维活跃，领悟力强，乐于接受新鲜事物,-有竞品分析报告、原型图等的可以添加至邮件附件,【工作地点】,北京-科利源大厦（小米6期）,【实习收益】,-AI产品化前沿，参与重量级产品从1到10的过程，新业务发展迅猛，不做螺丝钉,-全流程参与，了解PM各个方面工作日常，mentor1对1带，乐见你主动参与各项事务,-每日下午零食，免费茶水，与正式员工一样的工作氛围,-薪资统一标准，研究生4k/月,-根据表现有转正机会或校招优先,请将简历发送至 tanjiefu@xiaomi.com，邮件标题为“产品经理实习生-姓名-年级-毕业年月”例：产品经理实习生-张三-研二-19年6月毕业﻿", 最后修改于2018-04-12 14:41:16,【实习】小米人工智能与云平台小爱组招募,https://bbs.pku.edu.cn/v2//v2/post-read.php?bid=896&threadid=16383713
txl,"人工智能辅助医疗/制药领域的行业分析实习生,专业要求：北京大学医学部（基础医学院、药学院）相关专业的研究生或高年级本科生，或北京大学生命科学学院相关专业的研究生或高年级本科生。,技能要求：英语读写能力出色，听说能力良好，熟悉分子生物学与药学领域的专业知识，擅长专业领域的信息检索、数据收集、数据分析。,工作时间：四月底到岗，实习周期为3个月及以上，每周保证3天以上的实习时间。,工作内容：,1）根据公开资料，收集和整理人工智能辅助医疗/制药相关的行业信息，以及在技术和产品研发方向上的动态，市场情况，投融资情况等。,2）根据公开资料，收集和整理人工智能辅助医疗/制药相关的研究机构（大学，医学院，医疗研究机构等）最新的研究动态和研究成果，分析此领域的研究动向。根据公开资料，收集和整理此领域内的各级有代表性的研究者的名单。,3）为人工智能辅助医疗方向的投资项目与研发项目提供信息参考服务。,简历投递邮箱：hr@chuangxin.com,公司介绍：   ,创新工场由李开复博士创办于2009年9月，旨在帮助中国青年成功创业。创新工场是一家致力于早期阶段投资并提供全方位创业培育的投资机构。投资方向是信息产业最热门领域：移动互联网、消费互联网、电子商务和云计算。投资过比较成功的项目有：知乎、墨迹天气、豌豆荚等，现在投资的项目有200+。,欢迎各位小伙伴加入创新工场~,txl (金鱼) 在 ta 的帖子中提到：,人工智能辅助医疗/制药领域的行业分析实习生,专业要求：北京大学医学部（基础医学院、药学院）相关专业的研究生或高年级本科生，或北京大学生命科学学院相关专业的研究生或高年级本科生。,技能要求：英语读写能力出色，听说能力良好，熟悉分子生物学与药学领域的专业知识，擅长专业领域的信息检索、数据收集、数据分析。,……,欢迎各位北大的小伙伴加入我们的队伍。,txl (金鱼) 在 ta 的帖子中提到：,人工智能辅助医疗/制药领域的行业分析实习生,专业要求：北京大学医学部（基础医学院、药学院）相关专业的研究生或高年级本科生，或北京大学生命科学学院相关专业的研究生或高年级本科生。,技能要求：英语读写能力出色，听说能力良好，熟悉分子生物学与药学领域的专业知识，擅长专业领域的信息检索、数据收集、数据分析。,……,欢迎各位北大的小伙伴加入我们的队伍。,txl (金鱼) 在 ta 的帖子中提到：,人工智能辅助医疗/制药领域的行业分析实习生,专业要求：北京大学医学部（基础医学院、药学院）相关专业的研究生或高年级本科生，或北京大学生命科学学院相关专业的研究生或高年级本科生。,技能要求：英语读写能力出色，听说能力良好，熟悉分子生物学与药学领域的专业知识，擅长专业领域的信息检索、数据收集、数据分析。,……,欢迎大家投递~~~~~~~~~,txl (金鱼) 在 ta 的帖子中提到：,人工智能辅助医疗/制药领域的行业分析实习生,专业要求：北京大学医学部（基础医学院、药学院）相关专业的研究生或高年级本科生，或北京大学生命科学学院相关专业的研究生或高年级本科生。,技能要求：英语读写能力出色，听说能力良好，熟悉分子生物学与药学领域的专业知识，擅长专业领域的信息检索、数据收集、数据分析。,……",发表于2018-04-02 17:14:25,【实习】创新工场人工智能辅助医疗行业分析实习生,https://bbs.pku.edu.cn/v2//v2/post-read.php?bid=896&threadid=16374598
scottw,"【项目背景】本项目是IBM公司利用人工智能技术打造的互联网医疗项目，在这里你能接触到世界领先的AI技术与解决方案，可以与咨询、医疗以及人工智能领域专家面对面沟通交流,【工作地点】 北京市昌平区生命科学园,【待遇】一经录用，待遇从优；在版上算是很有竞争力的，具体面试谈；公司每天中午提供工作餐；要求每周至少全职工作3天,岗位1：UI实习生,【职责】,1、参与线上产品的产品和UI设计,2、参与用户体验优化工作,3. 配合设计团队完成其他设计工作,【能力要求】,1、设计相关专业，视觉设计出色，有实际项目经验者优先,2. 做事认真负责，爱思考，学习能力强，逻辑思维强,3. 对医疗以及人工智能产品感兴趣,岗位2：数据爬虫实习生,【能力要求】,1、计算机相关专业背景,2. 熟悉Python语言,3.有爬虫经验,岗位3：产品测试实习生,【岗位职责】,1、根据产品规范编写测试计划，设计测试数据和测试用例；,2、实施软件测试，并对软件问题进行跟踪分析和输出报告，推动测试中发现问题及时合理地解决；,3、完成对产品的集成测试与系统测试，对产品的功能、用户体验及其他方面的测试负责；,4、提出对软件的进一步改进的要求并评估改进方案是否合理。,【任职要求】,1、本科及以上，计算机相关专业；,2、了解性能测试工具，有性能测试经验者优先；,3、熟悉oracle或MySql数据库，熟悉各类操作系统；,4、热爱软件测试工作，可以胜任重复性工作，工作细致认真，有耐心；,5、有较强的逻辑分析能力和学习能力，具备较强的总结能力；,6、拥有较好的沟通技巧及团队合作精神，较强的责任感及进取精神；,7、工作积极主动，有强烈的责任心，良好的沟通能力；﻿,请发送简历至wubc@cn.ibm.com（UI实习生请附上作品集）,sigh。。。,顶,scottw (???) 在 ta 的帖子中提到：,【项目背景】本项目是IBM公司利用人工智能技术打造的互联网医疗项目，在这里你能接触到世界领先的AI技术与解决方案，可以与咨询、医疗以及人工智能领域专家面对面沟通交流,【工作地点】 北京市昌平区生命科学园,【待遇】一经录用，待遇从优；在版上算是很有竞争力的，具体面试谈；公司每天中午提供工作餐；要求每周至少全职工作3天,……,sigh。。。,顶,scottw (???) 在 ta 的帖子中提到：,【项目背景】本项目是IBM公司利用人工智能技术打造的互联网医疗项目，在这里你能接触到世界领先的AI技术与解决方案，可以与咨询、医疗以及人工智能领域专家面对面沟通交流,【工作地点】 北京市昌平区生命科学园,【待遇】一经录用，待遇从优；在版上算是很有竞争力的，具体面试谈；公司每天中午提供工作餐；要求每周至少全职工作3天,……,sigh。。。,ding,scottw (???) 在 ta 的帖子中提到：,【项目背景】本项目是IBM公司利用人工智能技术打造的互联网医疗项目，在这里你能接触到世界领先的AI技术与解决方案，可以与咨询、医疗以及人工智能领域专家面对面沟通交流,【工作地点】 北京市昌平区生命科学园,【待遇】一经录用，待遇从优；在版上算是很有竞争力的，具体面试谈；公司每天中午提供工作餐；要求每周至少全职工作3天,……,sigh。。。", 最后修改于2018-04-19 10:49:20,【IBM】医疗人工智能项目招UI及计算机实习生,https://bbs.pku.edu.cn/v2//v2/post-read.php?bid=896&threadid=16388336
gllzhc,"岗位：研发工程师，前端工程师，算法工程师方向,联系人：王沈   email：jordan.qiaoyh@alibaba-inc.com,面向用户对象：2019届毕业生，毕业时间2019年1月1日－12月31日。, ,团队介绍：,蚂蚁金服人工智能部：,为蚂蚁金服建设稳定，高效的机器学习平台，构建完善的模型生态体系，支持芝麻信用，投资理财，保险，微贷，网商银行等核心业务的算法模型应用，提升互联网金融的智能化效率。 ,    如果你想紧跟时代脉搏，占领互联网最前沿阵地，这里有历史进行时的互联网金融业务，海量的交易数据以及高并发高性能的挑战。团队已有成员包括来自美国普渡大学终身教授，Google/YouTube/微软Bing的资深技术海归们，本土电商系的百战精英，阿里Astar应届校招，多元化的团队，期待同样不群的你一起碰撞，开创！ , ,研发工程师：,限制毕业开始时间：,2019-01-01,限制毕业结束时间：,2019-12-3,要求方向：,应用框架开发 Java消息中间件 ,Java数据访问技术 ,高性能Java网络服务器 ,Java网络编程 ,Web应用开发 ,Java应用服务化, 分布式集群通信技术, Java并行计算技术 ,高性能、高可用服务端设计&开发 ,业务应用系统开发 ,分布式存储 ,搜索引擎,学历要求：,本科,期望层级：,P5,P6,岗位描述：,如果你想了解JAVA开发在蚂蚁金服中无与伦比的应用广度与深度,如果你对基础技术感兴趣，你可以参与基础软件的设计、开发和维护，如分布式文件系统、缓存系统、Key/Value存储系统、数据库、Linux操作系统和Java优化等；,如果你热衷于高性能分布式技术，你可以参与高性能分布式服务端程序的系统设计，为阿里巴巴的产品提供强有力的后台支持，在海量的网络访问和数据处理中，设计并设施最强大的解决方案；,如果你喜欢研究搜索技术，你可以参与搜索引擎各个功能模块的设计和实现，构建高可靠性、高可用性、高可扩展性的体系结构，满足日趋复杂的业务需求；,如果你对电子商务产品技术感兴趣，你可以参与产品的开发和维护，完成从需求到设计、开发和上线等整个项目周期内的工作；,如果你对数据敏感，你可以参与海量数据处理和开发，通过sql、pl/sql、java进行etl程序开发，满足商业上对数据的开发需求；,如果你热衷于客户端开发，你可以参与为用户提供丰富而有价值的桌面或无线软件产品。,岗位要求：,或许，你来自计算机专业，机械专业，甚至可能是学生物的，,但是，你酷爱着计算机以及互联网技术，热衷于解决挑战性的问题，追求极致的用户体验；,或许，你痴迷于数据结构和算法，热衷于ACM，常常为看到“accept”而兴奋的手足舞蹈；,或许，你熟悉Unix/Linux/Win32环境下编程，并有相关开发经验，熟练使用调试工具，并熟悉Perl，Python，shell等脚本语言；,或许，你熟悉网络编程和多线程编程，对TCP/IP，HTTP等网络协议有很深的理解，并了解XML和HTML语言；,或许，你热衷于数据库技术，能够熟练编写SQL脚本，有MySql或Oracle应用开发经验；,或许，你并不熟悉Java编程语言，更精通C，C++，PHP，.NET等编程语言中的一种或几种，但你有良好和快速的学习能力；,有可能，你参加过大学生数学建模竞赛，“挑战杯”，机器人足球比赛等；,也有可能，你在学校的时候作为骨干参与学生网站的建设和开发；,这些，都是我们想要的。来吧，加入我们！",发表于2018-03-12 17:16:10,【实习】蚂蚁金服人工智能部实习生招聘,https://bbs.pku.edu.cn/v2//v2/post-read.php?bid=896&threadid=16353593
hellocelia,"我们是一家虚拟现实+人工智能创业公司，立足于科技与医疗健康相结合，希望探索人类的内心！,公司的核心团队毕业于北京大学心理系、北京大学光华管理学院，曾就职于国际咨询公司、领先互联网平台公司等，如果你希望一个快速成长的发展平台，热衷于接触了解前沿的技术，想进一步探索人类的大脑、认知，并将自己的想法变成现实的产品，欢迎加入！, ,现诚招产品实习生，每周至少2天（整天），公司会对产品流程、设备使用、理论基础等方面进行培训，包括虚拟现实设备、脑电设备等, ,有意者请将简历投递至hr@adai-tech.com，,或电话联系010-85795371",发表于2018-04-19 11:17:47,人工智能+虚拟现实项目招募实习生,https://bbs.pku.edu.cn/v2//v2/post-read.php?bid=896&threadid=16390092
jerrmy,"研发项目：人工智能加速芯片  ,工作岗位：AI硬件开发工程师/AI软件开发工程师  ,工作职责：  ,-负责三星AI项目的开发与测试工作；, -参与项目的讨论会议。,  职位要求： ,-正规高校计算机、电子、通信等相关专业的研究生；  ,-Verilog编程（硬件），C/C++编程（软件）；, -对人工智能领域有浓厚兴趣；, -具有FPGA开发经验者优先； ,-具有CAFFE项目和神经网络项目者优先。  ,待遇： 200元/天,工作地点：北京市朝阳区太阳宫大厦,工作时间:每周至少3天，时长至少3月起，最好半年,有意向请把简历发至： zhiong.z@samsung.com",发表于2018-04-17 18:23:45,【实习】三星电子人工智能加速芯片实习\招聘   ,https://bbs.pku.edu.cn/v2//v2/post-read.php?bid=896&threadid=16388443
linguosen,"【创新工场】三维图形与动画实习生,简历发送至：linguosen@interns.chuangxin.com ,简历文件名(注意命名格式)：姓名+学校+三维图形与动画实习+实习开始时间+可连续实习多少个月.pdf,岗位职责：,1. 利用既有3D模型搭建场景,2. 撰写动画脚本，控制场景变换,3. 渲染与生成数据，建设3D图形与2D图像的交叉数据库,4. 参与计算机视觉与深度学习研究，在3D计算机视觉算法上进行开拓,岗位要求：,1. 扎实的编程功底，至少有一门精通的程序语言，熟悉C++/C#最佳；,2. 有一定的计算机图形学基础，熟悉Unity3D或者类似引擎；,3. 对计算机视觉尤其是3D计算机视觉有一定的了解或者有浓厚的兴趣；,4. 很好的动手能力，较强的工程Debug能力；,5. 自我激励与团队协作；,6.实习时间4个月及以上，每周至少4天。,工场福利：,1.实习薪资：5300/月（含餐补）,2.免费自助工作餐和零食水果，工作环境优美，福利待遇优；,3.实用的内部培训课程；各种有干货的创业分享；有机会与开复老师面对面。,工作地点：北京市海淀区中关村鼎好大厦A座10层,继续招人哈,linguosen (林国森~梦里的风筝) 在 ta 的帖子中提到：,【创新工场】三维图形与动画实习生,简历发送至：linguosen@interns.chuangxin.com ,简历文件名(注意命名格式)：姓名+学校+三维图形与动画实习+实习开始时间+可连续实习多少个月.pdf,……,继续招人哈,linguosen (林国森~梦里的风筝) 在 ta 的帖子中提到：,【创新工场】三维图形与动画实习生,简历发送至：linguosen@interns.chuangxin.com ,简历文件名(注意命名格式)：姓名+学校+三维图形与动画实习+实习开始时间+可连续实习多少个月.pdf,……,继续招人哈,linguosen (林国森~梦里的风筝) 在 ta 的帖子中提到：,【创新工场】三维图形与动画实习生,简历发送至：linguosen@interns.chuangxin.com ,简历文件名(注意命名格式)：姓名+学校+三维图形与动画实习+实习开始时间+可连续实习多少个月.pdf,……", 最后修改于2018-05-08 10:37:25,【创新工场-人工智能工程院】三维图形与动画实习生,https://bbs.pku.edu.cn/v2//v2/post-read.php?bid=896&threadid=16409422
fever,"【你即将】,与算法专家共同参与讨论语音识别、图像识别等项目的研发。主要工作内容为语音识别相关技术研发,【希望你】,在校生，计算机、数学相关专业,可尽快到岗，每周工作4天或以上，连续2个月或以上,如果熟悉机器学习、linux环境下的c/c++、语音识别相关算法（HMM/贝叶斯/n-gram/WFST理论等），使用过语音识别相关开源工具（kaldi/srilm/HTK等）的更棒,【坐标】,北京市朝阳区北辰世纪中心,【薪酬】,120-220元/天,【我们】,我们是含着金汤匙降生深藏不露的潜力股，目前主要在语音识别领域发力，从基础标注、核心算法到应用程序开发，紧密结合使用场景，为海外市场提供语音识别、图像识别和文本识别等方面的核心技术及解决方案。团队里有十几年丰富工作经验的“老”司机，也有北大MBA小哥哥，各路跨界大神时不时就掀一场头脑风暴；工作氛围自带“吸人”属性，特别是有追求、有能力、爱生活、会开车且对人工智能感兴趣有研究的能人们，一入公司门根本不想离开，感觉随时可能被知识淹没、被领导的才华征服！,感兴趣的同学欢迎骚扰ying.pan@1-dimension.com",发表于2018-05-03 16:17:04,【实习】人工智能算法实习生-北京一维创新科技,https://bbs.pku.edu.cn/v2//v2/post-read.php?bid=896&threadid=16404708
aries,"职位描述:  ,研发小件员智能电话系统，帮助百万快递员解决人工电话效率低的问题。涉及语音识别 ,、语音合成、自然语言理解、对话系统、问答系统等相关技术。 ,1. 参与语音产品的声学模型、语言模型的训练和测试 ,2. 针对具体业务场景和产品进行模型调优 ,职位要求： ,1. 熟悉语音识别声学模型、语言模型算法，有相关论文发表者优先 ,2. 良好的发现问题、分析问题、解决问题的能力，良好沟通能力及团队合作精神 ,工作地： ,杭州 ,有意者请将简历发送至邮箱：panpan.tpp@cainiao.com ", 最后修改于2018-05-14 14:20:09,【实习】阿里巴巴菜鸟网络人工智能部招聘语音实习生,https://bbs.pku.edu.cn/v2//v2/post-read.php?bid=896&threadid=16415268
scottw,"【项目背景】本项目是IBM公司利用人工智能技术打造的互联网医疗项目，在这里你能接触到世界领先的AI技术与解决方案，可以与咨询、医疗以及人工智能领域专家面对面沟通交流,【工作地点】 北京市昌平区生命科学园,【待遇】一经录用，待遇从优；在版上算是很有竞争力的，具体面试谈；公司每天中午提供工作餐；要求每周至少全职工作4天,岗位1：产品经理助理实习生,【岗位职责】,1、协助产品经理，推动人工智能技术在产品线中落地,2、持续关注挖掘用户需求，跟踪国内外AI竞品，梳理AI使用场景，将场景转化为产品需求，优化迭代产品,3、协助产品经理与医学专家沟通，作为医学专家与AI科学家的桥梁，推动项目进度,【能力要求】,1、拥有互联网产品接口文档撰写经验优先，熟悉API，数据库等基础知识，能够与开发人员高效沟通,2、对医学知识和AI技术拥有强烈好奇心,3、熟悉Axure最佳,4、善于沟通和推进项目,岗位2：产品开发实习生,【能力要求】,1、计算机相关专业背景,2. 熟悉Python语言,岗位3：产品测试实习生,【岗位职责】,1、根据产品规范编写测试计划，设计测试数据和测试用例；,2、实施软件测试，并对软件问题进行跟踪分析和输出报告，推动测试中发现问题及时合理地解决；,3、完成对产品的集成测试与系统测试，对产品的功能、用户体验及其他方面的测试负责；,4、提出对软件的进一步改进的要求并评估改进方案是否合理。,【任职要求】,1、本科及以上，计算机相关专业；,2、了解性能测试工具，有性能测试经验者优先；,3、熟悉oracle或MySql数据库，熟悉各类操作系统；,4、热爱软件测试工作，可以胜任重复性工作，工作细致认真，有耐心；,5、有较强的逻辑分析能力和学习能力，具备较强的总结能力；,6、拥有较好的沟通技巧及团队合作精神，较强的责任感及进取精神；,7、工作积极主动，有强烈的责任心，良好的沟通能力；﻿,请发送简历至gps_yuyingxue@gpsteam.cn,sigh。。。",发表于2018-05-16 11:16:24,【IBM】人工智能医疗咨询项目全职实习生,https://bbs.pku.edu.cn/v2//v2/post-read.php?bid=896&threadid=16417102
linguosen,"【创新工场】Unreal开发实习生,简历发送至：linguosen@interns.chuangxin.com ,简历文件名(注意命名格式)：姓名+学校+unreal开发实习+实习开始时间+可连续实习多少个月.pdf,【岗位职责】,1. 基于UE4引擎，使用C++／蓝图进行开发,2. 与设计、美术人员沟通协作展开工作；,3. 准确的理解产品需求，进行任务细分和工作量预估,【任职要求】,1.计算机相关专业，统招本科及以上学历，有过实习经验优先；,2.用Unreal开发过应用工具者优先；,3.具有实际三维建模经验者优先，熟悉OpenGL者优先，在计算机视觉、图像处理、模式识别方面有广泛的涉猎，基础扎实，并有很好的创新能力和解决实际问题的能力为佳；,4.每周可实习4天以上，3个月以上实习周期；,5.责任感强，工作认真负责，富于团队精神和敬业精神。,工场福利：,1.实习薪资：200-250/天（含餐补）,2.免费自助工作餐和零食水果，工作环境优美，福利待遇优；,3.实用的内部培训课程；各种有干货的创业分享；有机会与开复老师面对面。,工作地点：北京市海淀区中关村鼎好大厦A座10层,继续招人哈,linguosen (林国森~梦里的风筝) 在 ta 的帖子中提到：,【创新工场】Unreal开发实习生,简历发送至：linguosen@interns.chuangxin.com ,简历文件名(注意命名格式)：姓名+学校+unreal开发实习+实习开始时间+可连续实习多少个月.pdf,……,继续招人哈,linguosen (林国森~梦里的风筝) 在 ta 的帖子中提到：,【创新工场】Unreal开发实习生,简历发送至：linguosen@interns.chuangxin.com ,简历文件名(注意命名格式)：姓名+学校+unreal开发实习+实习开始时间+可连续实习多少个月.pdf,……,继续招人哈,linguosen (林国森~梦里的风筝) 在 ta 的帖子中提到：,【创新工场】Unreal开发实习生,简历发送至：linguosen@interns.chuangxin.com ,简历文件名(注意命名格式)：姓名+学校+unreal开发实习+实习开始时间+可连续实习多少个月.pdf,……", 最后修改于2018-05-08 10:37:36,【创新工场-人工智能工程院】Unreal开发实习生,https://bbs.pku.edu.cn/v2//v2/post-read.php?bid=896&threadid=16409423
fuyao,"【工作职责】,包括但不限于：,1、        思考语音交互、AI时代下的信息需求场景及理想体验。针对不同的硬件及其使用人群，设计信息需求的满足方案，并从需求满足、功能设计、推荐引导几个维度，不断优化产品。,2、        基于对用户真实使用数据的分析和研究，制定迭代计划、设计详细方案并实现。,3、        注重用户体验，有优秀的产品设计、数据分析、用户体验评估能力。,【基本要求】,1、         计算机、软件工程专业优先 ,2、        有互联网实习经验优先,3、        能够全勤且实习3个月以上优先,4、        具有优秀的逻辑分析能力、用户数据分析能力,5、        具有良好的沟通和协作能力，思维活跃,6、        熟悉Axure等原型工具，具有良好的产品设计和文档撰写能力,【联系方式】,发邮件到xulingjin@baidu.com,邮件命名格式【产品实习+姓名+学校】",发表于2018-05-17 17:08:19,百度度秘【产品实习】——人工智能~,https://bbs.pku.edu.cn/v2//v2/post-read.php?bid=896&threadid=16418396
xuehuanran,"一、公司及团队简介,蒙特卡洛公司是一家新成立的专注于人工智能领域的科技公司，且公司的创造团队全部都来自于百度。公司具体的业务分为三大块，分别为：区块链、GPU paas平台以及人工智能应用。,二、职位及要求,1. 参与人工智能产品的算法设计;,2. 参与人工智能学术研究;,3. 参与人工智能产品的工程实现;,4. 计算机专业相关学生;,4. 爱好编程、聪颖好学、勤奋积极、富有责任心;,5. 熟练掌握以下任一门编程语言：C，C++，Go，Python;,6. 可以至少连续实习6个月，每周实习时间不少于4天;,7. 有机器学习、人工智能相关项目经验者优先;,三、职位待遇,150-200元每天,免费水果,免费学AI,团队氛围，技术牛人多，公司处于快速上升期,四、申请方式,如有意向请发送简历至recruit@mcarlo.com,每一份简历都会仔细审阅，若合适会联系面试。工作地点在北京昌平区回龙观镇龙域北街8号金域国际中心B座1604。,up,xuehuanran (Xue Huanran) 在 ta 的帖子中提到：,一、公司及团队简介,蒙特卡洛公司是一家新成立的专注于人工智能领域的科技公司，且公司的创造团队全部都来自于百度。公司具体的业务分为三大块，分别为：区块链、GPU paas平台以及人工智能应用。,二、职位及要求,……",发表于2018-05-30 17:03:36,【实习】【蒙特卡洛】人工智能研发工程师,https://bbs.pku.edu.cn/v2//v2/post-read.php?bid=896&threadid=16431339
minispark,"医准智能是一家专注于人工智能辅助医疗影像诊断的科技公司，我们拥有一支顶尖的机器学习算法团队，均来自国内顶尖的高校。,•        早在2014年，我们就开始将机器学习应用于医疗影像辅助诊断，是国内这个领域最早的探路者之一。公司拥有一支领先的深度学习算法团队，荣获国内外多项医疗竞赛奖项。,•        医准智能目前已与多家三甲医院合作，致力于推动人工智能在医疗影像领域的突破，让人工智能辅助影像诊断成为放射科医生高效而得力的助手。,•        我们期待着充满激情的你，加入医准智能这个热情而温馨的大家庭！,招聘岗位（一）——深度学习算法工程师（全职、实习）,工作内容：,从事深度学习及医疗影像的研发工作。涉及目标检测、分割等计算机视觉任务。,岗位需求：,•        对计算机视觉及医疗影像研发有浓厚兴趣，有深度学习相关项目经验；,•        熟练使用Python，熟悉C/C++；,•        熟悉PyTorch、TensorFlow、Caffe等深度学习框架中的一种或多种；,•        有CVPR、ICCV、ECCV、NIPS、MICCAI等相关领域会议、期刊论文者优先；,•        有医疗影像相关项目经验者优先；,•        实习生要求每周至少25小时工作时间,招聘岗位（二）——软件开发工程师（全职、实习）,工作内容：,从事医疗软件开发开发工作，包括WEB端，客户端以及服务器端。,岗位需求：,•        对软件开发以及架构设计感兴趣,•        能独立进行小型项目的设计、开发、测试、部署,•        良好的代码习惯，熟悉git,•        熟悉Python网站后端开发，熟悉Linux操作系统，以及网络通信协议,•        熟悉多线程编程，调试,•        具有良好的团队协作能力,•        有医疗影像软件相关项目经验者优先；,•        实习生要求每周至少25小时工作时间,工作地点：北京中关村,简历请投递至：jia.ding@yizhun-ai.com ,邮件标题： 简历投递-姓名-学校-学位-申请岗位",发表于2018-05-25 23:33:19,【全职/实习】人工智能医疗公司招算法、开发工程师,https://bbs.pku.edu.cn/v2//v2/post-read.php?bid=896&threadid=16426372
extinguisher,"【招聘单位】中国银河证券衍生产品部,【工作地点】北京,【工作描述】,- 进行量化策略回测框架的搭建、测试和优化；,- 进行多因子策略的研发和测试，包括但不限于单因子有效性、多因子模型、风险模型和alpha模型等相关模块的开发与测试；,- 协助交易员进行期权定价等工作。,【任职资格】,- 硕士及以上学历优先；金融工程、金融数学、计算机相关专业，复合背景者优先；,- 具有扎实的专业知识，能熟练运用回归统计、时间序列分析、机器学习等数量统计分析方法，熟悉量化策略开发的优先，能在指导下独立开展量化研究的优先；,- 擅长编程，精通Python语言，熟练使用SQL数据库，熟悉Wind者优先；,- 具备较强的信息搜集能力、数据处理与分析能力、逻辑思维能力、学习能力与沟通能力；,- 实习时间稳定，实习期3个月以上，一周4天以上优先。,【岗位申请】,- 投递邮箱：yinheyanshengpin@163.com；,- 邮件格式：“学校+专业+年级＋实习时长+每周实习天数+姓名”­；,- 该岗位预计入职时间为五月中下旬，一般不提供转正机会；,- 对初选合格者，我们会以电话或邮件通知面试时间。",发表于2018-05-11 19:03:23,【实习】中国银河证券衍生产品部招聘量化实习生,https://bbs.pku.edu.cn/v2//v2/post-read.php?bid=896&threadid=16412943
zxjay,"【实习】千合资本招聘实习生—量化投资助理,公司概况：,公司由原公募知名基金经理创立，现管理规模超100亿元。研究团队拥有3-10年从业经历，经验丰富，研究实力属于业内顶尖水平。,工作内容：,1.金融数据处理分析;,2.辅助开发量化投资策略。,要求： ,1.至少精通Matlab、Python和 C#其中一门语言。,2.每周至少3天，至少实习3个月，能够实习6个月以上优先。,3．数学、物理、金融工程、IT相关专业优先。,工作地址：北京金融街,工资：每天100元,简历投递邮箱：qhcaphr@yeah.net,邮件格式【量化实习生-姓名-毕业院校-每周天数-毕业时间-持续时间】",发表于2018-05-10 15:03:32,[实习]千合资本-量化实习生,https://bbs.pku.edu.cn/v2//v2/post-read.php?bid=896&threadid=16411691
kikiqiqi,"Algorithmic Trader and Quantitative Developer(Analyst) ,今日头条 财经业务部 量化分析实习生  base北京,Full-Time Job and Internship ,全职工作和实习 , A trading and technology group which leverages Big Data skills to seek for the art of trading. Through quantitative methods we generate scientific insights with systematic precision. ,                        ,Job Description 工作介绍 ,Who We Are  ,1.Quantitative Trading Group, develop and execute proprietary trading strategies in the financial markets. ,2.自主开发并执行自动化交易策略. ,3. We are looking for smart technologists, decent programmers to become part of our group. , 我们寻找优秀的技术人员，程序员. ,  ,Job Responsibilities工作责任 ,1.Manage and execute process of design, implement high-frequency trading strategies. ,2.Work with traders to implement via ultra-low-latency production code. ,3.Work to improve team.s trading infrastructure by implementing dynamic ideas. ,4.搭建高频交易平台，建设市场微结构，构造交易内核以及风控系统. ,  ,Team Culture 文化 ,1.In this team, we foster a culture of engineering spirit. We care about career development of each employee and pair each one with an experienced leader in our firm. ,2.小组鼓励从零到有的工程师的创造精神，程序员处于小组的核心位置(最终具备数学,编程与交易Triple的能力,成为一名高频交易员). ,  ,Requirements ,满足以下任一条即鼓励申请: ,Successful candidates would be one of the following: ,1.Background in quantitative subject,i.e.computer science, engineering, math, physics. Awards in National Math(Physics) Olympiads or ACM is a plus. ,2.Passionate about trading and financial markets. Athletes, Bridge player. ,3.Experience with one of the following language is a big plus. (C++#, R, Python, SML, Java, Matlab) ,4.Multithread experience, Parallel Computing, Hadoop, Perl. ,5.Networking TCP/IP/Sockets etc, Operating System, Hacker. ,6.Knowledge of Design Pattern, Boost Library is a big plus. ,7.面向对象设计,多线程,并行计算,数据库,脚本语言,网络,操作系统,黑客,设计模式. ,8.Problem-solving abilities. A producer and fast learner , able to work under pressure. ,9.Evidence of a strong work ethic and a pattern of success. 胜者的经历 ,  ,However, industry experience, or an educational focus in nance, is not a prerequisite. ,我们不限学历, 也不要求相关专业工作经验，本科生也欢迎投递简历,成功的候选人公司派发Macbookpro一台，薪资福利优厚,简历发送至：zhongqi@bytedance.com", 最后修改于2018-05-14 11:28:51,今日头条 财经业务部 量化分析实习生,https://bbs.pku.edu.cn/v2//v2/post-read.php?bid=896&threadid=16415085
ariellin,"龙胜投资量化研究员实习,【岗位职责】,1. 运用量化工具开发研究各种金融产品的套利和对冲策略，主要以期货跨品种套利、跨期套利、跨市场套利的策略为主；,2. 参与日常套利策略的交易，盘后复盘和总结，维护策略；,3. 在研究和交易过程中，总结思路、完善策略，及时向公司反馈并评估，不断为公司投资提供合理化建议；,4.参与金融投资研究软件程序项目，向IT提供需求；,5. 收集整理数据，并进行分析。,【岗位要求】 ,1、大三、大四以上经济、金融类，或理工类专业在校学生；勤劳踏实者优先；,2、热爱金融投资工作，细致认真，能吃苦耐劳，对商品期货、外汇及金融衍生品投资有强烈学习意愿；,3. 有较强的数理功底，对统计分析、机器学习等有一定了解，至少精通一门编程语言，对基本的算法比较熟悉；,3、具有全职实习的时间，一周至少到岗3天。,【工作地点】,深圳,有意者请将简历发至1034656099@qq.com,在这里你能得到：,1. 系统全面地学习到商品期货、外汇及金融衍生品投资的研究方法及交易策略，参与公司对冲投资实战策略的研究论证、风险管理及案例讨论；,2. 深入了解和学习公司对冲思想及精益研究理念；,3. 接触及使用国内外先进的交易系统、数据库及研究工具；,4. 每天100元的生活补助及其他公司福利。,【关于我们】,深圳市龙胜投资管理有限公司是一家专注于国内外商品期货、外汇、金融衍生品等领域套利对冲策略的专业投资机构，公司集研究、交易于一体，拥有完善的研究体系及成熟的交易策略，近年来发展迅速。",发表于2018-05-10 19:50:14,【实习】龙胜投资 量化研究员实习,https://bbs.pku.edu.cn/v2//v2/post-read.php?bid=896&threadid=16412037
roewee,"    量化交易泛指通过可量化方式建立数学模型并将模型编码入计算机程序，自动对资产进行定价进而寻找合适交易时机。量化交易相比传统手动交易充分利用了计算机（集群）的计算能力，更快、更准、覆盖率更高、更有纪律、更有效发觉金融资产的交易价值。量化交易为市场提供流动性和更好价值发现的同时，也能会投资者带来相对更稳定绝对收益。,    近年来，量化交易作为相对创新的投资方法，在国内蓬勃发展、得到了一定认可并依然处于快速增长阶段。首先，国家层面不断尝试金融创新（沪港通、股指期货、期权仿真），并落实完善金融监管、规范私募运作，为量化交易提供了合适土壤；其次，随着机器学习、分布式计算等技术不断成熟，运用大规模计算对资产定价逐渐成为重要趋势；最后，相比美国欧洲成熟市场和成熟对冲基金，国内市场存在大量机遇，国内量化团队也有很大提升空间。,    上海锐天投资管理有限公司，是一家量化对冲私募基金，2013年底在上海成立，采用数理分析和计算机技术，交易包括期货, 股票, 期权等金融产品，在市场上追求绝对收益，为投资者带来超额稳健回报。,    公司在成立一年内实现盈利并有稳定现金流和相当可观的净利润，目前的资产管理规模和收益均在国内同类型对冲基金中属于领先地位，在业内得到了一定认可。我们的投资者包括国内规模领先的机构投资者以及在中国颇具影响力的企业家。 公司核心团队均来自国内外名校（北大，复旦，MIT等）, 在校期间多人获得国际奥赛金牌，入选国内奥赛集训队和ACM竞赛奖项，毕业后曾在美国顶尖对冲基金（Citadel, Two Sigma）和国内知名互联网公司(BAT等)核心团队任职。,    我们坚信，强大的中国一定需要强大的金融体系支撑庞大实体经济，而未来金融行业一定会往更公平透明、更遵循市场规律、更依赖技术的方向发展。我们期待您的加入，和我们一起在转型期中国，留下属于我们的烙印。, ,以下为我们的招聘岗位：, ,岗位职责：,1. 基于历史数据，研究股票、期货等资产的定价模型,2. 模型开发，模型测试，模型迭代,任职资格：,1. 本科以上学历，数学、物理、计算机或其他理工科背景优先,2. 扎实数学基础、熟练掌握数理统计基本方法,3. 对算法尤其机器学习算法有一定了解和经验（非必须）,4. 至少能使用一种开发语言： c/c++/java/python,5. 细心，重视团队合作, ,岗位职责：,1. 量化交易系统开发（技术层面和业务层面）,2. 量化交易系统性能调优和网络优化,3. 底层架构以及基础模块设计与开发,任职要求：,1. 编程基本功扎实，掌握C/C++开发语言、常用算法和数据结构； ,2. 熟悉TCP/UDP网络协议及相关编程、进程间通讯编程；  ,3. 全面、扎实的软件知识结构，掌握操作系统、数据结构、网络等专业知识； ,4. 了解分布式系统设计与开发、负载均衡技术，系统容灾设计，高可用系统等知识。,5. 近两年内独立完成开发5千行以上代码项目的候选人优先考虑。,6. 有开源开发经验以及开源代码阅读习惯的候选人优先考虑, ,岗位职责：,1. 回测系统发布和日常问题排查,2. 线上交易操作和问题反馈,3. 系统仿真测试和质量保证,4. 其他在线离线运营事物,任职资格：,1. 本科及以上学历，计算机等理工科相关专业尤佳；,2. 掌握基本计算机知识，熟悉Linux shell操作3. 良好的沟通能力和团队合作能力,4. 工作细致，有极强的责任心，工作仔细，较强的逻辑思维能力,5. 具有风险控制意识和冷静心态，对数字、图形敏感，有较强的分析、学习能力, ,地址：徐汇区中山南二路107号8楼G单元,有意者请将邮件发至：, ",发表于2018-05-11 16:21:20,上海锐天量化招聘,https://bbs.pku.edu.cn/v2//v2/post-read.php?bid=896&threadid=16412818
crazicat,"公司介绍:,我们是一家致力于高频量化交易的初创公司，现有实盘策略在部分期货品种交易量占比可至1%以上，公司资金充裕，策略收益稳定，位于上海浦东，交通便利。, ,岗位名称：量化分析员（实习/正式）,岗位职责：,1．收集、处理和分析金融数据，研究和开发期货量化投资交易策略；,2．测试、执行并维护投资交易策略；,3．协助研究和开发量化投资交易系统；,4．进行细分领域的策略研究并撰写量化交易策略报告； ,5.   参与日常策略运行的风险支持工作。, ,任职要求：,1. 数学、统计、物理、数据科学、金融工程、计量经济学、 计算机及其他相关专业，本科及以上学历；,2．熟练掌握一门脚本语言，如 Python，R，MATLAB，有利用脚本语言处理金融数据的经验；,3．在概率论、统计学、机器学习等方面有扎实的理论基础和应用能力；,4．掌握基础的金融学知识。,满足以下一项或多项条件者优先考虑：,1.  有各级学科竞赛奖牌；,2.  熟悉Linux环境和C++；,3.  有相关实习或工作经验。, ,实习期待遇：300元/天，回测结果优异的策略可快速获得大额资金实盘机会，在实习期即可享有正式员工的业绩分成，有留用机会。,正式员工待遇高于业界平均水平，并享有高额业绩提成。,有意者请将简历投递至： careers@thousandwind.com ,邮件主题标明：岗位+姓名+XX 大学+毕业时间",发表于2018-05-14 17:10:41,【实习千风科技】高频量化交易,https://bbs.pku.edu.cn/v2//v2/post-read.php?bid=896&threadid=16415447
Bugatti,"      公司坐落于清华科技园，专注于将人工智能技术应用到金融市场股票、期货、债券等证券的量化投资中。目前，公司已拥有顶尖的研发团队、雄厚的资金支持、丰富的技术积累和优异的历史业绩。团队同事全部来自于麻省理工、清华、北大等国内外顶尖高校，其中多人曾在国际、国内学科竞赛中的斩获金牌。 ,实习工作：,1、金融市场量化预测模型的研究工作. 基于盘口订单以及逐笔成交数据, 研发与优化量化交易策略. 具体包括交易思路策略化, 历史回测, 实盘的跟踪迭代等；,2、金融市场量化预测模型中，特征工程和因子构造的研究工作.,实习要求：,1、重点院校全日制在读生；,2、数学、物理、计算机、金融工程等专业；,3、精通至少一门统计或编程语言（包括但不限于C++、Java、Python、Matlab、SAS等）,4、保证每周至少3个工作日的全职实习，时长至少3个月；,符合以下要求者优先考虑：,1、使用机器学习算法在公开数据集比赛中取得不错成绩的；,2、以第一作者在NLP、CV等相关会议或期刊上发表过文章；,3、在github上有贡献者；,4、修读过经济/金融学课程，对金融市场有一定了解者；,5、学科竞赛获奖者；,6、扎实的统计学功底。,公司拥有行业领先水平的薪酬体系和市场化的激励机制。有意者请将应聘邮件发送至info@techsharpe.cn，邮件标题与简历命名请用“学校院系，姓名，岗位，每周可实习的工作日数”，后续将安排面试及相应录用。欢迎转发或推荐，谢谢！",发表于2018-05-18 17:42:35,【实习】天算量化私募基金实习生（优秀可转正）,https://bbs.pku.edu.cn/v2//v2/post-read.php?bid=896&threadid=16419343
JohnCold,"【 中金公司财富研究部量化实习生招聘】,1、至少熟练掌握一门编程语言（包括Python、VBA、R,  Python优先），熟悉基本数据库操作   ,2、好奇心强，理解能力强，喜欢钻研模型和学术论文；具有实证金融学 、计量经济学研究经历或机器学习、深度学习项目经历。,3、对于股票市场感兴趣，希望在量化投资上发展，能够每周实习至少4天，能够实习3个月以上，6月初左右入职。  ,4、非2018年应届生，最好是理工科非应届博士和三年研究生的第二年阶段的同学，特别优秀的本科生也欢迎投简历。,5、实习待遇是200一天，每天有100餐补。,请将简历发送至Zhuo.li@cicc.com.cn，期待你的加入！ ", 最后修改于2018-05-15 21:03:15,【 中金公司】 财富研究部量化实习生招聘,https://bbs.pku.edu.cn/v2//v2/post-read.php?bid=896&threadid=16416680
crazicat,"公司介绍：我们是一家致力于高频量化交易的初创公司，现有实盘策略在部分期货品种交易量占比可至1%以上，公司资金充裕，策略收益稳定，位于上海浦东，交通便利。, ,岗位名称：实习量化软件工程师,岗位职责：,1．开发、维护和测试程序化交易系统；,2．负责量化交易策略的实现和维护； ,3．行情数据库的维护。 , , ,任职要求：,1．本科以上学历,两年以上编程经验；,2．熟悉C++语言, 熟悉Linux开发环境下C++开发调试和测试；,3．熟悉常用数据结构和算法、进程间通讯、多线程编程、高性能计算等； ,4．有期货交易系统相关项目的经验，有接入飞创/盛立/CTP等经验优先；,5．有基础的金融知识者优先；,6.   有留用意向者优先；, ,薪资待遇：实习期间工资400/天，转正后月薪20K – 30K + 年终奖金,工作地点：上海浦东, ,有意者将简历投递至： careers@thousandwind.com ,邮件主题标明：岗位+姓名+XX 大学+毕业时间, ,请问贵公司的具体地址在哪里？,crazicat (疯狂的cat) 在 ta 的帖子中提到：,公司介绍：我们是一家致力于高频量化交易的初创公司，现有实盘策略在部分期货品种交易量占比可至1%以上，公司资金充裕，策略收益稳定，位于上海浦东，交通便利。, ,岗位名称：实习量化软件工程师,……",发表于2018-05-21 17:56:12,【实习-千风科技】量化软件工程师,https://bbs.pku.edu.cn/v2//v2/post-read.php?bid=896&threadid=16422063
everdp,"中金睿投现招收量化开发实习生，来辅助搭建高效的数据处理、策略生成、实盘交易系统，如果实习表现良好，可以转为正式员工。如果您对量化投资感兴趣、编程能力强、喜欢在行业前沿工作，这将是您梦想开始的地方。,岗位一：量化系统开发实习生，多名,需求：,-          计算机相关的理工科专业的本科硕士或博士，基础扎实，喜欢编程。,-          擅长python开发，了解或擅长数据分析相关的库，如numpy, pandas等,如果计算机编程水平扎实，能快速学习，此项不做硬性要求。,-          熟练C++面向对象编程，熟悉数据结构 ,-          熟悉数据库，MySQL/SQLServer,-          很强的沟通能力及独自解决问题的能力, , ,团队简介：,中金睿投投资管理有限公司（简称“中金睿投”或“公司”）成立于2016年1月，并于2016年5月完成中国基金业协会的私募基金管理人备案登记，注册资本5000万。,中金睿投由中金基金管理有限公司（简称“中金基金”）和原中金基金量化投资团队部分核心成员共同组建成立，立志成为国内领先的创新型私募基金管理公司。中金基金是中金睿投的参股股东，成立于2014年2月，是中国国际金融股份有限公司（简称“中金公司”）的全资子公司。中金睿投凭借先进的数量化投研理念和技术与高度关注团队协作的投研团队，致力于为客户创造价值。, ,我们的团队,公司核心团队曾在国内外顶级量化投研机构工作多年，是少数在国内有较早实盘经验，资产管理规模较大且业绩较为出色的团队之一，这使得我们赢得了卓著的声誉。我们的投研人员均来自于斯坦福，清华，北大等海内外顶尖名校，并具有硕士及以上学历。公司拥有良好的激励机制，能有效调动团队的积极性、保持团队的长期稳定。公司因此得到了诸多顶级机构投资者的认可。 , ,我们的文化,中金睿投秉承中金基金的优良传统，本着“客户至上”、“以人为本”、“精益求精”、“勤勉尽职”的基本原则，以忠实履行受托人义务为前提，高度重视团队合规建设，致力于遵守严格的职业标准以及投资、运营准则，并基于充分的风险管理，力图为客户持续创造价值。在工作中，我们强调包容性和开放性，让每一位员工都能发挥自己的价值并快速成长。  , ,联系我们,申请者请将简历发送至：shuren.liao@cicc-is.com，应聘岗位_姓名_专业方向 (可附相关项目经历成果),地址：北京市西城区太平桥大街18号丰融国际中心",发表于2018-05-23 10:15:30,【实习】中金睿投招聘量化系统开发实习生,https://bbs.pku.edu.cn/v2//v2/post-read.php?bid=896&threadid=16423710
cicccampus,"Title:                                SI Quant Intern,Department:                Securities Investment Department ,Location:                        Beijing,Job Description:,        研究国内外金融市场，进行量化交易策略的设计开发和程序化实现；,        为其他量化研究工作提供支持；,        可作为Project Intern或Campus Hire。,Requirements:,        国内外硕士或博士研究生在读或应届，本硕博来自国内外顶尖高校，具有数学、物理、计算机、金融工程等理工科背景优先，2018或2019年毕业；,        具有相关量化交易、研究实习经验；,        接受过计算机科学、计算机工程以及相关专业的高级训练，至少熟练运用一种编程语言、脚本语言（如Java/C#/Python/Matlab），以及数据库（SQL server / KDB+ / Oracle）；,        较强的工作主动性及快速分析和解决问题的能力；,        良好的人际沟通能力，有团队意识；,        可以尽快开始实习，每周可实习4天或以上，持续3个月以上。,Application:,Please send your resume titled with“SI Quant Intern –BJ-Name-University-Year of Graduate”to talent@cicc.com.cn ASAP.,请发送简历到talent@cicc.com.cn邮箱中，以：“SI Quant Intern - 地点 - 学校 - 专业 - 姓名 - 毕业年份”为邮件标题。,Disclaimer,The preceding job description has been designed to indicate the general nature and level of the work performed by employees within this classification. It is not designed to contain or be interpreted as the comprehensive inventory of all duties, responsibilities and qualifications required of employees assigned to this job.",发表于2018-05-21 16:18:41,【实习】【中金公司】证券投资部量化交易组实习生,https://bbs.pku.edu.cn/v2//v2/post-read.php?bid=896&threadid=16421967
sumuye,"大行简道资产管理有限公司(Tao Capital)成立于2011年，作为国内量化投资的先驱，起步于高频交易，近两年专注于日内策略的研发和交易，在北京和深圳均设有研发中心，产品业绩处于业内领先位置。当前，公司处于快速成长期，业务飞速扩张，可以为员工提供广阔的发展空间。公司将提供极具竞争力的薪酬，并极力营造轻松愉悦的工作氛围，让员工与公司共同成长。为了培养和储备人才，公司现招聘量化策略研究员实习生，如您有意向，请将简历发送到我公司HR邮箱hr@taocapital.com.cn,工作地点：北京市五道口附近，清华同方科技广场B座,量化策略研究员实习生,岗位职责：,1、 应用统计方法对价格波动进行数据挖掘，提供建模线索；,2、 独立进行量化交易策略研发；,3、 与IT人员合作，探索以实验方法研究价格波动内在机理。,任职要求：,1、应用数学、统计学、信号处理、通信、计算机、自动化等相关专业在读硕士以上学历,做过信号处理、语音识别相关项目者优先；,2、有算法研究经验，在数据挖掘、信号处理、声学建模、模式识别等领域有较深入的研究，发表过高质量的研究论文者优先；,3、对金融、跨学科研究有浓厚兴趣，喜欢有挑战性的工作；,4、具有较强的沟通能力和强烈的好奇心。",发表于2018-05-22 09:15:06,【实习】五道口私募高新招聘量化策略研究员实习生,https://bbs.pku.edu.cn/v2//v2/post-read.php?bid=896&threadid=16422661
ryonkkk,"起时资本是专业从事场外期权业务的私募机构，专注各类场外期权报价，场外做市，对冲交易，为客户设计收益结构满足客户风控需求，团队主要来自于中金公司，在这里实习生可以接触并熟悉场外期权一线业务，了解业界Q quant分析逻辑并将所学用于实务，学习如何对衍生品建模，真诚欢迎您的加入!,现招聘助理交易员，职责如下:,     跟进具体交易，盯盘,     询价，报价，与交易对手成交，管理交易合同,     定价与对冲策略研究,岗位要求:,      有随机分析或金融工程或金融数学基础，或对业务线有所了解本条可放宽,      编程熟练，能使用编程语言实现研究结果,      大三或研一下（研二）能长期实习者,工作地点: 北京,联系人 裴女士,请将简历发至邮箱：yifei.pei@chasecap.com,ryonkkk (ryon30) 在 ta 的帖子中提到：,起时资本是专业从事场外期权业务的私募机构，专注各类场外期权报价，场外做市，对冲交易，为客户设计收益结构满足客户风控需求，团队主要来自于中金公司，在这里实习生可以接触并熟悉场外期权一线业务，了解业界Q quant分析逻辑并将所学用于实务，学习如何对衍生品建模，真诚欢迎您的加入!,现招聘助理交易员，职责如下:,     跟进具体交易，盯盘,……,ryonkkk (ryon30) 在 ta 的帖子中提到：,起时资本是专业从事场外期权业务的私募机构，专注各类场外期权报价，场外做市，对冲交易，为客户设计收益结构满足客户风控需求，团队主要来自于中金公司，在这里实习生可以接触并熟悉场外期权一线业务，了解业界Q quant分析逻辑并将所学用于实务，学习如何对衍生品建模，真诚欢迎您的加入!,现招聘助理交易员，职责如下:,     跟进具体交易，盯盘,……", 最后修改于2018-05-27 17:00:51,[实习-起时资本] 招聘场外衍生品量化交易员实习生,https://bbs.pku.edu.cn/v2//v2/post-read.php?bid=896&threadid=16427847
kimi,"上海洛书投资管理有限公司是一家具有全球化视野的量化交易公司，这里聚集了顶尖的人才，汇聚了数学与科技。我们的活动覆盖世界主要金融中心，包括上海、香港和巴黎。作为专注于量化投资的私募基金管理人，我们的团队具备丰富的海内外市场的投资经验，交易品种覆盖期货、股票、期权等，自成立以来创造了高于市场平均水平的绝对收益。公司于2015年完成基金业协会的私募基金管理人备案，并发行了第一支阳光私募产品。经过坚实的积累，洛书投资的腾飞之旅正式开启。未来期待与您携手共创辉煌！,【我们在招聘】,量化交易实习,职责描述：,1、研发、设计新量化模型、工具；,2、优化已有模型、工具；,3、策略回测；,4、提供收益、风险分析工具。,任职要求：,1、了解、热爱量化交易；,2、坚持每周至少3天，可实习3-6个月；,3、团队合作的精神、极大压力下长时间脑力工作的能力；,4、19、20届毕业生优先，数学、物理、统计、生物、计算机等理科专业，熟悉至少一门编程语言；,5、加分项：有量化研究经验、熟悉金融衍生品定价、有python项目经验。,市场接入实习,职责描述：,1. 参与联系和接洽海外期货和证券经纪商和数据提供商；,2. 参与收集和整理当地经纪商的信息，比较并评判不同经纪商的服务方案；,3. 参与收集当地证券交易的政策法规与更新情况，分析市场政策风险，定期向基金经理汇报；,4. 参与公司内地与海外的销售与市场营销项目。,任职要求：,1. 本科及以上学历，金融或理工类相关专业优先，来自韩国/日本/台湾地区的留学生优先；,2. 工作严谨细致，学习能力强，且具有一定领导能力，能够自主负责工作，提供解决问题的思路；,3. 熟悉日本/韩国/台湾/香港的金融市场；,4. 熟练使用韩语/日语中的任意一种；,5. 熟练使用office软件。,市场部实习,职责描述：,1、整理更新产品相关资料并协助产品经理进行辅助性研究；,2、协助产品经理开展产品成立相关工作；,3、协助部门定期举办各类市场活动；,4、配合公司进行市场宣传、品牌建设、微信公众号的运营；,5、上级安排的其他事宜。,任职要求：,1、本科及以上学历，工商管理、金融、财务等相关专业优先；,2、有一定的文案编写能力及PPT制作能力；,3、良好的语言表达及沟通能力，对数字具备一定的理解阅读能力；,4、良好的团队合作精神，严谨的工作作风，积极乐观，抗压能力强；,5、每周到岗至少三天，实习期表现优秀者可转正。,【薪资待遇】,我们将提供在业内有竞争力的薪资，定期团建聚餐，提供免费午餐,【关于应聘】,投递邮箱：hr@luoshu.com。邮件正文中简要表述一下你的应聘理由并附上你的简历，简历标题请按""姓名+应聘岗位”来命名。对每一位符合基本条件的应聘者我们都会安排电话沟通。,工作地点：上海陆家嘴世纪金融广场", 最后修改于2018-05-28 13:48:55,【实习】量化私募实习岗位,https://bbs.pku.edu.cn/v2//v2/post-read.php?bid=896&threadid=16428658
cwxs,"东方证券财富管理部产品与资产配置研究岗实习生招聘,一、公司简介：,东方证券股份有限公司（以下简称""公司""）是一家经中国证券监督管理委员会批准设立的综合类证券公司，其前身是于1998年3月9日开业的东方证券有限责任公司，总部设在上海，现有注册资本69.94亿元，公司于2015年3月23日成功登陆上交所，2016年7月8日H股成功发行并上市，成为行业内第五家A+H股上市券商。,公司经过近20年的发展，已从一家仅有586名员工、36家营业网点的证券公司，逐渐壮大为一家总资产达2000亿，净资产超过400亿，员工4000余人、在全国76个城市设有153家分支机构，提供证券、期货、资产管理、理财、投行、投资咨询及证券研究等全方位、一站式专业综合金融服务的上市证券金融控股集团。, ,二、招聘岗位：,财富管理部产品与资产配置研究岗实习生, ,三、主要职责：,1.   金融产品及市场数据采集、分类和维护；,2.   产品和管理人业绩评估与归因分析，协助完成尽调报告；,3.   战略及战术资产配置研究，提供配置方案及量化分析；,4.   宏观及市场研究，包括中国及全球宏观经济数据分析，市场数据分析，提供资产配置建议, ,四、职位要求：,1.   金融、经济、数学、金融工程或计算机数理统计等相关专业，研究生硕士及以上学历，具有计算机和金融复合专业背景者优先；,2.   具有较好的数据分析能力和建模能力，掌握R、Python等数量分析工具，熟悉Oracle，SQL Server,  MySQL等至少一种数据库；,3.   掌握金融投资理论，具有证券从业资格、基金从业资格，具备CFA、CPA及其他国际投资相关资质者优先；有金融机构量化研究实习经历候选人优先；,4.   具有良好的沟通交流能力，文字语言表达能力，逻辑分析能力，强烈的责任心，良好的团队合作精神。, ,五、实习待遇,本次实习有留用机会。, ,六、应聘方式：,请以“学校-学院及专业-姓名-联系电话”命名邮件及简历文件，投递至orientsecintern@163.com。",发表于2018-05-30 13:42:01,东方证券财富管理招实习生（老板前高盛量化投资出身,https://bbs.pku.edu.cn/v2//v2/post-read.php?bid=896&threadid=16431109
beijushe,"【实习单位】,民生证券股份有限公司成立于1986年，注册资本为45.8亿元，注册地为北京。公司具备中国证监会批准的证券经纪、证券承销与保荐等全牌照业务资格，是中国成立最早的证券公司之一。公司在北京、上海、深圳、广州、郑州等地设立了80余家分支机构，业务范围覆盖全国近30个省、直辖市及自治区；公司控股并管理着三家子公司：民生期货有限公司、民生通海投资有限公司和民生证券投资有限公司。民生证券与子公司优势互补，实现协同发展。,【工作职责】,1、协助研究员进行量化策略的研究开发，数据分析等，并撰写研究报告；,2、在积累了一定研究经验之后，可以独立承担研究课题。,【岗位要求】,1、重点院校金融工程、数理统计、计算机、自动控制等相关专业大四保研、硕士、博士,2、熟练使用Matlab、vba、sql等,3、有多因子、cta、或其他量化策略研究经验者优先，可在邮件中附上能证明研究能力或编程能力的相关资料,4、能保证工作时间，协调好实习与其他事务，能尽快入职,5、时间要求：每周3天及以上（可远程）,【投递说明】有意向的同学请尽快将简历发至：msquant@163.com，邮件主题和简历名称均为：姓名_学校_专业_硕/博_预计毕业年份_可入职时间",发表于2018-06-07 17:17:37,【实习】民生证券研究院金融工程组量化研究岗实习生,https://bbs.pku.edu.cn/v2//v2/post-read.php?bid=896&threadid=16440408
dadan,"【实习】【东兴证券（证券投资部）】招聘量化实习生,工作地点：北京  阜成门金融街,岗位：量化分析实习生,简历接收截止时间：2018-6-10,简历投递方式：以附件形式发送至 yangbj@dxzq.net.cn,邮件主题格式要求：张三-北大-硕士（本科）-研二（大三）-19毕业-可实习6个月（每周4天）,【职位要求】,- 需有概率统计和编程基础（熟练使用python）,- 有量化研究经验者优先，理工科优先。,- 每周到岗四天以上，能连续实习3个月以上,待遇：无实习工资，免费提供午餐，并有参与相关团队建设及培训学习的机会。,注：团队里很多清北师兄师姐，人都很nice，可以学到很多，是步入量化行业的快速通道。,信箱满了,dadan (嘀嗒嘀嗒) 在 ta 的帖子中提到：,【实习】【东兴证券（证券投资部）】招聘量化实习生,工作地点：北京  阜成门金融街,岗位：量化分析实习生,……",发表于2018-06-05 13:47:19,【实习】【东兴证券（证券投资部）】招聘量化实习生,https://bbs.pku.edu.cn/v2//v2/post-read.php?bid=896&threadid=16437860
kikiqiqi,"Algorithmic Trader and Quantitative Developer(Analyst) ,今日头条 量化分析实习生  base北京,Full-Time Job and Internship ,全职工作和实习 , A trading and technology group which leverages Big Data skills to seek for the art of trading. Through quantitative methods we generate scientific insights with systematic precision. ,                        ,Job Description 工作介绍 ,Who We Are  ,1.Quantitative Trading Group, develop and execute proprietary trading strategies in the financial markets. ,2.自主开发并执行自动化交易策略. ,3. We are looking for smart technologists, decent programmers to become part of our group. , 我们寻找优秀的技术人员，程序员. ,  ,Job Responsibilities工作责任 ,1.Manage and execute process of design, implement high-frequency trading strategies. ,2.Work with traders to implement via ultra-low-latency production code. ,3.Work to improve team.s trading infrastructure by implementing dynamic ideas. ,4.搭建高频交易平台，建设市场微结构，构造交易内核以及风控系统. ,  ,Team Culture 文化 ,1.In this team, we foster a culture of engineering spirit. We care about career development of each employee and pair each one with an experienced leader in our firm. ,2.小组鼓励从零到有的工程师的创造精神，程序员处于小组的核心位置(最终具备数学,编程与交易Triple的能力,成为一名高频交易员). ,  ,Requirements ,满足以下任一条即鼓励申请: ,Successful candidates would be one of the following: ,1.Background in quantitative subject,i.e.computer science, engineering, math, physics. Awards in National Math(Physics) Olympiads or ACM is a plus. ,2.Passionate about trading and financial markets. Athletes, Bridge player. ,3.Experience with one of the following language is a big plus. (C++#, R, Python, SML, Java, Matlab) ,4.Multithread experience, Parallel Computing, Hadoop, Perl. ,5.Networking TCP/IP/Sockets etc, Operating System, Hacker. ,6.Knowledge of Design Pattern, Boost Library is a big plus. ,7.面向对象设计,多线程,并行计算,数据库,脚本语言,网络,操作系统,黑客,设计模式. ,8.Problem-solving abilities. A producer and fast learner , able to work under pressure. ,9.Evidence of a strong work ethic and a pattern of success. 胜者的经历 ,  ,However, industry experience, or an educational focus in nance, is not a prerequisite. ,我们不限学历, 也不要求相关专业工作经验，本科生也欢迎投递简历,成功的候选人公司派发Macbookpro一台，薪资福利优厚,简历发送至：zhongqi@bytedance.com",发表于2018-06-06 13:33:22,今日头条 量化分析实习生,https://bbs.pku.edu.cn/v2//v2/post-read.php?bid=896&threadid=16439116
FeelBad,"【实习安排】： ,参与投研数据的清洗整合；参与回测模块、业绩归因模块的搭建；参与量化策略的研究（挖掘有效的因子、编制Smartbeta指数、研究行业轮动）；其他相关工作。,  ,【岗位要求】   ,1   国内外知名高校数理统计、计算机、金融相关专业硕、博士在读（数理、计算机金融复合背景优先）。保证长期实习； ,2   熟练掌握python及其相关领域的科学计算包:Pandas、Numpy等(Python 要非常熟练)，熟练掌握SQL；具备扎实的数学和统计知识。   ,3   具备良好的人际沟通能力，有团队意识、责任感，能承担实际工作任务。     ,4   具有券商/基金量化投资、投研类相关实习经历者加分； ,     有机器学习、数据挖掘背景加分； ,     有扎实的财务基本功加分； ,     有数据平台天软使用经历加分； ,  ,【邮箱及简历格式】intern_quant@126.com   ,请按以下格式发送  ：学校_专业_姓名_电话_可实习时间长度 ,【实习地点】：深圳﻿,深圳长期，这个成本有点高啊，要是留用还可以，不留用的话，适合深研院的吧,FeelBad (感觉不好) 在 ta 的帖子中提到：,【实习安排】： ,参与投研数据的清洗整合；参与回测模块、业绩归因模块的搭建；参与量化策略的研究（挖掘有效的因子、编制Smartbeta指数、研究行业轮动）；其他相关工作。,  ,……",发表于2018-06-07 09:46:30,公募量化实习（长期）,https://bbs.pku.edu.cn/v2//v2/post-read.php?bid=896&threadid=16440001
cowfor,"快手是一款超过1亿日活用户的产品。,在此过程中，您将有机会: ,- 跟随全世界增长最快的互联网公司一起成长 ,- 享受免费午餐晚餐、下午茶、健身房,- 与优秀的同事一起合作，学习快手核心推荐的算法、策略、A/B测试,- 快速地迭代，直接参与生产环境的开发，您的代码会有机会影响到千千万万的用户 ,- 大数据架构开发和分析，有机会每天与千亿行的数据打交道,- 主要语言为 Java, C , Python,任职资格：,- 有扎实的编程能力，精通至少一项 C /Java/Go/Python等语言或相似语言,- 深刻理解计算机原理,有良好的数据结构和算法基础,- 有较强的学习能力，能够快速理解和掌握不局限于编程的各种知识,- 熟悉Hadoop、Hive，有数据统计和数据分析相关经验优先,- 有机器学习，深度学习相关经验者优先,- 有良好的产品意识、敏锐的业务分析能力者优先.,薪资：400/天,感兴趣的小伙伴请甩简历过来啦！！,liuanhao@kuaishou.com",发表于2018-05-30 11:38:31,【实习】【快手】 大数据/算法 实习生,https://bbs.pku.edu.cn/v2//v2/post-read.php?bid=896&threadid=16431006
bytedancehr,"【今日头条】诚招算法实习生 ,今日头条成立于2012年，致力于成为最懂你的信息平台，连接人与信息，促进内容的创作和交流。通过技术，来改变整个内容生产、消费领域。 ,5年的时间内，我们已经成为了一个估值过百亿美元，用户数亿，DAU过亿，多款产品日活数千万，团队规模超万人的团队。旗下产品包括今日头条、西瓜视频、抖音、火山视频等。 ,今天，我们在招聘算法实习生！你将获得匹配回报的实习工资，具有竞争力的实习经验，还在等什么呢，快来加入我们吧！ ,【算法实习生】 ,【职位描述】 ,1、利用机器学习技术，改进直播短视频（包括火山/抖音/段子等产品）推荐系统，优化数亿用户的阅读体验； ,2、分析基础数据，挖掘用户兴趣、内容价值，增强推荐系统的预测能力。 ,【职位要求】 ,1、热爱计算机科学和互联网技术，对人工智能类产品有浓厚兴趣； ,2、具备强悍的编码能力，熟悉 linux 开发环境，熟悉 C++ 和 Python 语言优先； ,3、优秀的分析问题和解决问题的能力，对解决具有挑战性问题充满激情 ,4、有扎实的数据结构和算法功底，熟悉机器学习、自然语言处理、数据挖掘中一项或多项； ,5、对推荐系统、计算广告、搜索引擎相关技术有经验者优先。有机器学习实际经验优先：包括不限于实习/实验室项目/kaggle比赛等 ,6、北京高校、19年毕业者优先 实习时间3个月及以上，每周至少4天。 ,【申请方式】 ,请发送简历到luoweijing@bytedance.com申请该职位,邮件标题为:算法实习生+学校+姓名+年级+最快入职时间 ,免费三餐，租房补贴，休闲下午茶，过亿用户，职业大牛，晋升空间,工作地点：北京,可现场面试、视频面试,有租房补贴,职业大牛、可转正、免三餐、租房补贴",发表于2018-05-30 17:24:32,【实习】【今日头条】【抖音&火山】算法实习生 ,https://bbs.pku.edu.cn/v2//v2/post-read.php?bid=896&threadid=16431360
appendix,"【量化对冲基金】平方和投资招聘信息,招聘岗位：量化策略研究员（实习）,岗位职责：,研究国内股票、期货等二级市场品种，设计交易策略并参与实盘交易,岗位要求：,1. 国内外知名大学硕士以上学历，具备良好的数理功底，对量化投资有浓厚兴趣,2. 具有扎实的机器学习理论基础，精通机器学习、人工智能、数据挖掘中的一项或多项,3. 具有扎实的数学统计功底，精通数理统计,4. 具有扎实的计算机基础，精通算法、数据结构、设计模式等,5. 至少熟练掌握一门编程语言，有matlab、R、python、C++开发经验者优先；,5. 奥赛、ACM等比赛获奖者优先；,6. 有国内外券商或基金的量化分析与研究实习经验者优先。,其中第2，3，4项，满足其中一项要求即可，能力突出者可适当放宽要求。,实习补助：100-300元/天，优秀实习生有机会参与公司实盘交易，享受分红，毕业后签订劳动合同,实习期限：不少于3个月，每周不少于3个工作日,工作地点：北京清华科技园,简历投递：hr@alpha2fund.com,简历命名：姓名+应聘岗位,平方和投资是一家新兴的量化对冲基金，专注于量化投资领域，综合利用数学、统计、计算机、金融等知识，挖掘市场深层规律，构造数量化的对冲基金策略模型，力求在不同市场周期，各种宏观环境下都能为投资者带来长期稳定并且显著的绝对收益。公司投资业绩一流，一直在量化策略排行榜中名列前茅，曾荣获最佳精英公司奖、至尊新锐奖、十大新锐基金、最佳私募基金管理人等多个奖项。公司募资能力优秀，拥有一流的量化投研团队，既有经验丰富的量化基金经理、资深研究员，也有对计算机系统、金融数据了如指掌的专业技术人员，具备在知名金融机构的工作经验。,我们的愿景是提供一个功能强大、性能稳定、拓展灵活的平台，吸引并培养一群与众不同的人才，把握竞争对手难以把握的机会，在中国金融市场飞速发展的洪流中，做量化交易的弄潮儿。富有挑战性的工作，极具竞争力的薪酬，扁平化的管理，周到的人文关怀，和谐有爱的工作环境——平方和投资虚位以待，期待您与我们携手共铸对冲基金的梦想与辉煌！",发表于2018-06-08 16:59:36,【实习】平方和投资量化策略研究员,https://bbs.pku.edu.cn/v2//v2/post-read.php?bid=896&threadid=16441444
Ypkuy,"去哪儿网机票BU-数据/算法实习生,岗位职责：,1.负责基于Hive,Spark技术的海量数据的处理、分析、统计工作；,2.根据产品需求文档，构建有效且通用的数据模型，为产品改进、运营决策提供数据支持；,任职资格：,- 统招全日制，大学本科及以上学历,- 热爱大数据开发和互联网工作,- 熟悉计算机数据结构、算法、linux等理论知识,- 熟悉大数据相关技术优先,如Hive,Spark,- 熟悉Java/Scala/Python/R语言中的一种,- 具有创新思维和学习能力，吃苦耐劳，能坚持实习3-6个月,加分项：,- 具有创新思维和学习能力；,- 获得过大学奖学金者优先；,- 参加过导师项目开发或社会实践中的项目开发者优先；,- 对算法有浓厚兴趣,熟悉常用数据挖掘算法（如分类、聚类、回归、关联规则、神经网络等）及其原理。,简历发到：nancywang.wang@qunar.com",发表于2018-05-31 18:48:52,去哪儿网机票BU-数据/算法实习生,https://bbs.pku.edu.cn/v2//v2/post-read.php?bid=896&threadid=16432676
bytedancehr,"【今日头条】诚招算法实习生 ,今日头条成立于2012年，致力于成为最懂你的信息平台，连接人与信息，促进内容的创作和交流。通过技术，来改变整个内容生产、消费领域。 ,5年的时间内，我们已经成为了一个估值过百亿美元，用户数亿，DAU过亿，多款产品日活数千万，团队规模超万人的团队。旗下产品包括今日头条、西瓜视频、抖音、火山视频等。 ,今天，我们在招聘算法实习生！你将获得匹配回报的实习工资，具有竞争力的实习经验，还在等什么呢，快来加入我们吧！ ,【算法实习生】 ,【职位描述】 ,1、利用机器学习技术，改进直播短视频（包括火山/抖音/段子等产品）推荐系统，优化数亿用户的阅读体验； ,2、分析基础数据，挖掘用户兴趣、内容价值，增强推荐系统的预测能力。 ,【职位要求】 ,1、热爱计算机科学和互联网技术，对人工智能类产品有浓厚兴趣； ,2、具备强悍的编码能力，熟悉 linux 开发环境，熟悉 C++ 和 Python 语言优先； ,3、优秀的分析问题和解决问题的能力，对解决具有挑战性问题充满激情 ,4、有扎实的数据结构和算法功底，熟悉机器学习、自然语言处理、数据挖掘中一项或多项； ,5、对推荐系统、计算广告、搜索引擎相关技术有经验者优先。有机器学习实际经验优先：包括不限于实习/实验室项目/kaggle比赛等 ,6、北京高校、19年毕业者优先 实习时间3个月及以上，每周至少4天。 ,【申请方式】 ,请发送简历到luoweijing@bytedance.com申请该职位,邮件标题为:算法实习生+学校+姓名+年级+最快入职时间 ",发表于2018-06-01 14:21:09,【实习】【今日头条】【抖音&火山】算法实习生 ,https://bbs.pku.edu.cn/v2//v2/post-read.php?bid=896&threadid=16433433
feile,"热门微博作为新浪微博的战略级产品，旨在为用户提供个性化的微博阅读体验，团队氛围积极向上，现诚招优秀实习生。,【职位描述】,包括但不限于如下工作内容,1，智能数据报表与可视化系统研发。,2，精准用户画像构建。,3，大规模推荐算法、特征工程研发。,【能力要求】,1，优秀的编码能力，熟悉hadoop，linux编程环境优先。,2，开放爱思考，乐于沟通，热衷互联网技术。,3，如果能力强悍可以保证工作交付，不限实习周时长。,【申请方式】,发送简历到feichao@staff.weibo.com申请该职位,邮件标题：推荐算法实习生+学校+年级+入职时间 ",发表于2018-06-01 20:26:34,【实习】【新浪微博】【热门微博】推荐算法实习生,https://bbs.pku.edu.cn/v2//v2/post-read.php?bid=896&threadid=16433771
fever,"与算法专家共同参与讨论语音识别项目的研发。主要工作内容是跟着模型工程师做模型代码编写、调优、实验、封装等。,在校生，计算机、数学相关专业,熟练使用c++,每周工作4天或以上，连续6个月或以上,如果熟悉机器学习、linux、语音识别相关算法（HMM/贝叶斯/n-gram/WFST理论等），使用过语音识别相关开源工具（kaldi/srilm/HTK等）的更棒,北京市朝阳区北辰世纪中心,150-220元/天,我们是含着金汤匙降生深藏不露的潜力股，目前主要在语音识别领域发力，从基础标注、核心算法到应用程序开发，紧密结合使用场景，为海外市场提供语音识别、图像识别和文本识别等方面的核心技术及解决方案。团队里工作十几年的“老”司机和北大MBA小哥哥各路跨界大神时不时就掀一场头脑风暴；工作氛围自带“吸人”属性，特别是有追求、有能力、爱生活、会开车且对人工智能感兴趣有研究的能人们，一入公司门根本不想离开，感觉随时可能被知识淹没、被领导的才华征服！,公司网址：,感兴趣的同学欢迎骚扰ying.pan@1-dimension.com,手机（微信）：17600763609",发表于2018-06-04 17:27:11,【实习】【人工智能语音算法实习生】,https://bbs.pku.edu.cn/v2//v2/post-read.php?bid=896&threadid=16436801
bingtang,"[项目描述]   ,“微软小冰”集合了中国近7亿网民多年来积累的、全部公开的文献记录，凭借微软在大数据、自然语义分析、计算机视觉、机器学习和深度神经网络方面的技术积累，通过理解对话的语境与语义，实现了超越简单人机问答的自然交互。小冰目前是微软内部很受关注的产品，小冰组有很好的机器学习平台及丰富的实践机会，可以深入到前沿模型的底层开发训练。 ,      ,[招聘职位]   ,计算机视觉算法工程师   ,      ,[工作职责]   ,工作内容涵盖数据挖掘、模式识别、深度学习等方面的领域。利用计算机视觉、深度学习协助工程师解决AI系统中的问题。 ,      ,[职位要求]   ,熟悉计算机视觉、数据挖掘、机器学习等常用算法，对AI有浓厚兴趣   ,良好的编码能力、对数据结构和算法有较好理解   ,具备优秀的逻辑思维能力，对解决挑战性问题充满热情，善于解决问题和分析问题   ,有强烈的上进心和求知欲，善于学习新事物，勇于面对挑战   ,具有良好的沟通表达能力、具有出色的执行力   ,      ,[简历标题模板]   ,姓名+学校   ,      ,简历投递至：chunl@microsoft.com ",发表于2018-06-05 21:12:31,【实习】微软小冰 计算机视觉算法工程师,https://bbs.pku.edu.cn/v2//v2/post-read.php?bid=896&threadid=16438394
liuchangpku,"Soul推荐算法实习,待遇：实习一天500，全勤一个月12000,职位描述：在推荐算法资深工程师指导下，从事推荐算法研发。,职位要求：-本科(含)以上学历，计算机、电子、自动化等相关专业;,　              -熟悉Python一种脚本语言;,　              -熟悉java,scala编程;,　              -了解分布式框架（hadoop,spark,storm)优先,　              -有acm获奖或大公司实习经历者优先,工作地点：中关村,工作时间：一周至少4天,联系邮箱： 292301526@qq.com,同时招聘JAVA和数据开发实习，待遇丰厚，有兴趣可邮件发送简历至292301526@qq.com,Soul 都已经发展的这么好啦！恭喜~,liuchangpku (一夕成玦) 在 ta 的帖子中提到：,Soul推荐算法实习,待遇：实习一天500，全勤一个月12000,职位描述：在推荐算法资深工程师指导下，从事推荐算法研发。,……,是哒,weiqiji (院士) 在 ta 的帖子中提到：,Soul 都已经发展的这么好啦！恭喜~,头像姑娘的颜值不错,liuchangpku (一夕成玦) 在 ta 的帖子中提到：,Soul推荐算法实习,待遇：实习一天500，全勤一个月12000,职位描述：在推荐算法资深工程师指导下，从事推荐算法研发。,……",发表于2018-06-09 21:23:56,Soul推荐算法实习，实习一天500，全勤12000,https://bbs.pku.edu.cn/v2//v2/post-read.php?bid=896&threadid=16442614
yetao,"计算机视觉/深度学习工程师,#坐标：北京,#请将简历发至以下邮箱，并注明：求职岗位+姓名 ,huangwei@airdoc.com ,【职位描述】,- 负责2D及3D医疗影像分类，医疗影像特定目标检测、分割等深度学习模型／框架的研究和开发工作；,- 与工程团队合作，负责相关技术的产品化落地。, ,【任职要求】 ,- 计算机、电子、自动化等相关专业毕业，3-5年计算机互联网行业从业经验； ,- 有良好编程基础，熟悉python／lua等至少一门脚本语言，熟悉c／c++编程； ,- 熟悉至少一种深度学习框架（CNTK／caffe／tensorflow／mxnet／等）； ,- 熟悉深度学习基本理论，熟悉目标检测、图像分割、场景分割、视频分类、动作分类、视频目标检测等至少一个领域；  ,- 熟悉计算机视觉／图像处理基本算法，例如特征提取、图像增强等； ,- 有相关项目研发经验优先； ,- 有医学图像处理，医学图像深度学习经验优先。,-------------------------------------------------------------------,关于我们,Airdoc是由一流团队构成的医疗领域人工智能企业，由来自微软、三星、雅虎、新浪等顶尖公司的技术产品团队组建。Airdoc利用深度学习技术，在医学专家指导下形成算法模型服务，实现特定病变组织的检测、组织分割、影像识别分类等，致力于提高医生的工作效率。,Airdoc深耕医疗行业，与美国约翰·霍普金斯医院、北京协和医院、温州医科大学眼视光医院、北京同仁医院等顶尖医疗机构在人工智能辅助诊断 、医学影像识别等领域建立深度合作，推动医疗产业智能化升级。,Airdoc总部位于北京海淀，已在北京、上海、广州以及美国硅谷等地设立研发中心。立足中国，汇集全球顶尖人才，合力打造领先的人工智能企业。,加入我们，参与这个激动人心的创新历程吧！ ,关于创始人,张大磊，创始人兼首席执行官,曾担任微软Excel产品经理，PPTV聚力副总裁、新浪副总裁。基于在健康医疗及互联网领域的影响力，张大磊先生多次受邀出席国家公共卫生部门及健康医疗领域行业会议并发表演讲，现为中国健康促进与教育协会移动健康分会常委和相关领域国家标准的起草顾问。,公司荣誉,2016年10月18日，世界人工智能大会正式发布《中国人工智能产业发展报告》，公司凭借其产品Airdoc系列入围新智能top100 ——“未来中国最具影响力及潜力的人工智能企业名单”。,2016年12月16日，Airdoc与中国人工智能学会签约合作，由Airdoc资助未来数年吴文俊人工智能科学技术奖，双方将在产学研用领域加强深度合作。,2017年5月10日，Airdoc凭借其人工智能眼底图像自动识别技术，亮相科技领域顶级盛会微软全球开发者大会，也是中国企业首次亮相微软全球高管的Keynote环节。,2017年9月16-17日，“2017长江产业论坛(秋季)暨医疗健康大数据与人工智能大会”在武汉举行，Airdoc凭借在众多医院的实际应用获得《中国医疗大数据与人工智能产业优秀实践案例》奖项。,鉴于公司成立以来在健康与医疗行业的影响力，公司CEO张大磊先生当选为中国健康促进与教育协会移动健康分会常务委员以及相关领域国家标准的起草顾问。,获取公司更多资讯： ,-查看官方网站www.airdoc.com ,-搜索“air-doc”关注微信公众号",发表于2018-05-23 17:02:24,[实习][Airdoc] AI医疗 计算机视觉/深度学习工程师,https://bbs.pku.edu.cn/v2//v2/post-read.php?bid=896&threadid=16424073
zhaaw,"职位名称: 深度学习算法实习生  ,    ,职位描述:  ,在深度学习资深专家的指导下，从事深度学习(DL)、增强现实(AR)、人体姿态估计、生成对抗网络(GAN)、深度增强学习(DRL)等方向的前沿技术研发。,三星电子中国研究院机器学习LAB，在深度学习领域有顶尖的团队，有深厚的技术积累、丰富的数据和计算资源；,在国际竞赛上成绩优秀(系统名SRC-B-MachineLearningLab)，其中:,1.ICCV 2017 PoseTrack Challenge (Human Pose Estimation and Tracking in the wild): Winner of Challenge 1 and 2,2.ICDAR 2017 Robust Reading Competition COCO-Text: Task1 Detection排名第二,3.ICDAR 2015 Robust Reading Competition Task2.1/2.3/2.4/3.1/3.4/4.1/4.3/4.4等任务都曾获得过第一,    ,职位基本要求:  ,1.硕士及以上学历，计算机、电子、自动化、数学等相关专业,2.熟悉Python或Lua或Matlab等至少一种脚本语言,3.熟悉C/C++编程,4.熟悉至少一种深度学习框架(TensorFlow/Caffe/MXNet/PyTorch/Keras/Theano等)  ,5.出色的编程能力，有ACM-ICPC分区赛铜牌以上成绩者优先,6.每周出勤至少4天，实习时间连续3个月以上,深度学习方向:,1.熟悉基于深度学习的文字/图像检测、识别、分割、跟踪等,2.在该领域发表过优秀论文者优先,3.在该领域参加竞赛并获得优异成绩者优先,增强现实方向:(以下具备一项即可),1.熟悉图像语义分割/场景分割,2.熟悉单目/双目深度估计,3.熟悉SLAM/VO/IMU等,4.熟悉手势识别、动作识别等交互技术,5.熟悉光源估计、光照一致性,人体姿态估计方向:,1.熟悉Human Pose Estimation/Tracking, Hand Skeleton, Head Pose Estimation等,2.在该领域发表过优秀论文者优先,3.在该领域参加竞赛并获得优异成绩者优先,生成对抗网络方向:,1.熟悉生成对抗网络基本理论，熟悉该领域前沿,2.熟悉生成对抗网络在语义分割、样本生成、风格转换、自动着色等领域的应用,3.数学功底扎实，英文文献阅读能力强,深度增强学习方向:,1.熟悉增强学习基本理论，熟悉该领域前沿,2.熟悉深度增强学习在控制、机器人、自动驾驶等领域的应用,3.数学功底扎实，英文文献阅读能力强,深度学习优化方向:,1.熟悉深度学习模型优化和加速算法,2.熟悉深度学习嵌入式移植和优化,计算机图形学方向：,1. 熟练掌握计算机图形学基础知识,2. 熟练掌握OpenGL，可以编写Shader实现高级渲染,3. 熟练掌握三维场景光照计算模型,4. 熟悉AR光照估算算法者优先,5. 英文文献阅读能力强,6. 计算机图像学方向的博士优先,视频目标检测方向：,1. 熟悉基于深度学习的目标检测(object detection)或目标跟踪(visual tracking)，动手能力强,2. 对视频目标检测(object detection from video, VID)方向的研究与竞赛(ImageNet VID)感兴趣，有能力对其相关领域的研究前沿进行及时的调研与复现,3. 在目标检测或目标跟踪领域参加竞赛并获得优异成绩者优先(ImageNet VID, ImageNet DET, VOT等),图像/视频caption方向,1.熟悉visual caption方向的基本理论，熟悉该领域前沿,2.数学功底扎实，英文文献阅读能力强，代码能力强,3.在visual caption方向有相关经验者（论文、竞赛、项目等）优先,    ,工作地点：北京市朝阳区太阳宫中路12A号太阳宫大厦18层（地铁十号线太阳宫站C出口300米）  ,联系方式：ke17.lin@samsung.com,简历命名格式：姓名-学校-学位-申请方向,三星电子中国研究院, 欢迎有兴趣同学投递简历。 ",发表于2018-05-24 17:09:00,【实习】【三星电子中国研究院】深度学习算法实习生,https://bbs.pku.edu.cn/v2//v2/post-read.php?bid=896&threadid=16425010
zhaaw,"职位名称: 深度学习算法实习生  ,    ,职位描述:  ,在深度学习资深专家的指导下，从事深度学习(DL)、增强现实(AR)、人体姿态估计、生成对抗网络(GAN)、深度增强学习(DRL)等方向的前沿技术研发。,三星电子中国研究院机器学习LAB，在深度学习领域有顶尖的团队，有深厚的技术积累、丰富的数据和计算资源；,在国际竞赛上成绩优秀(系统名SRC-B-MachineLearningLab)，其中:,1.ICCV 2017 PoseTrack Challenge (Human Pose Estimation and Tracking in the wild): Winner of Challenge 1 and 2,2.ICDAR 2017 Robust Reading Competition COCO-Text: Task1 Detection排名第二,3.ICDAR 2015 Robust Reading Competition Task2.1/2.3/2.4/3.1/3.4/4.1/4.3/4.4等任务都曾获得过第一,    ,职位基本要求:  ,1.硕士及以上学历，计算机、电子、自动化、数学等相关专业,2.熟悉Python或Lua或Matlab等至少一种脚本语言,3.熟悉C/C++编程,4.熟悉至少一种深度学习框架(TensorFlow/Caffe/MXNet/PyTorch/Keras/Theano等)  ,5.出色的编程能力，有ACM-ICPC分区赛铜牌以上成绩者优先,6.每周出勤至少4天，实习时间连续3个月以上,深度学习方向:,1.熟悉基于深度学习的文字/图像检测、识别、分割、跟踪等,2.在该领域发表过优秀论文者优先,3.在该领域参加竞赛并获得优异成绩者优先,增强现实方向:(以下具备一项即可),1.熟悉图像语义分割/场景分割,2.熟悉单目/双目深度估计,3.熟悉SLAM/VO/IMU等,4.熟悉手势识别、动作识别等交互技术,5.熟悉光源估计、光照一致性,人体姿态估计方向:,1.熟悉Human Pose Estimation/Tracking, Hand Skeleton, Head Pose Estimation等,2.在该领域发表过优秀论文者优先,3.在该领域参加竞赛并获得优异成绩者优先,生成对抗网络方向:,1.熟悉生成对抗网络基本理论，熟悉该领域前沿,2.熟悉生成对抗网络在语义分割、样本生成、风格转换、自动着色等领域的应用,3.数学功底扎实，英文文献阅读能力强,深度增强学习方向:,1.熟悉增强学习基本理论，熟悉该领域前沿,2.熟悉深度增强学习在控制、机器人、自动驾驶等领域的应用,3.数学功底扎实，英文文献阅读能力强,深度学习优化方向:,1.熟悉深度学习模型优化和加速算法,2.熟悉深度学习嵌入式移植和优化,计算机图形学方向：,1. 熟练掌握计算机图形学基础知识,2. 熟练掌握OpenGL，可以编写Shader实现高级渲染,3. 熟练掌握三维场景光照计算模型,4. 熟悉AR光照估算算法者优先,5. 英文文献阅读能力强,6. 计算机图像学方向的博士优先,视频目标检测方向：,1. 熟悉基于深度学习的目标检测(object detection)或目标跟踪(visual tracking)，动手能力强,2. 对视频目标检测(object detection from video, VID)方向的研究与竞赛(ImageNet VID)感兴趣，有能力对其相关领域的研究前沿进行及时的调研与复现,3. 在目标检测或目标跟踪领域参加竞赛并获得优异成绩者优先(ImageNet VID, ImageNet DET, VOT等),图像/视频caption方向,1.熟悉visual caption方向的基本理论，熟悉该领域前沿,2.数学功底扎实，英文文献阅读能力强，代码能力强,3.在visual caption方向有相关经验者（论文、竞赛、项目等）优先,    ,工作地点：北京市朝阳区太阳宫中路12A号太阳宫大厦18层（地铁十号线太阳宫站C出口300米）  ,联系方式：ke17.lin@samsung.com,简历命名格式：姓名-学校-学位-申请方向,三星电子中国研究院, 欢迎有兴趣同学投递简历。 ",发表于2018-05-25 08:56:16,【实习】【三星电子中国研究院】深度学习算法实习生,https://bbs.pku.edu.cn/v2//v2/post-read.php?bid=896&threadid=16425498
zhaaw,"职位描述：,职位名称：深度强化学习算法实习生,工作内容：,在资深工程师指导下，从事深度增强学习(DRL)、深度学习(DL)等方向的前沿研究；,三星电子中国研究院机器学习LAB，在深度学习领域有顶尖的团队，有深厚的技术积累、丰富的数据和计算资源；,在国际竞赛上成绩优秀(系统名SRC-B-MachineLearningLab)，其中:,1.ICCV 2017 PoseTrack Challenge (Human Pose Estimation and Tracking in the wild): Winner of Challenge 1 and 2,2.ICDAR 2017 Robust Reading Competition COCO-Text: Task1 Detection排名第二,3.ICDAR 2015 Robust Reading Competition Task2.1/2.3/2.4/3.1/3.4/4.1/4.3/4.4等任务都曾获得过第一,4.在增强现实、生成对抗网络、深度增强学习等领域有比较丰富的积累，有活跃积极的团队,职位基本要求:,- 硕士(含)以上学历，计算机、电子、自动化、数学等相关专业,- 熟悉强化学习和深度强化学习理论，动手能力强,- 对基于深度强化学习的决策与控制(机器人、无人驾驶)感兴趣，  有能力对其相关领域的研究前沿进行及时的调研与复现,- 在visuomotor和self-driving有相关领域科研经验者优先,工作地点:,北京市朝阳区太阳宫中路12A号太阳宫大厦18层（地铁十号线太阳宫站C出口300米）,联系方式:,有意者请尽快将个人简介发送到下面邮件地址中，我们会尽快安排面试,hao234.guo@samsung.com,注：邮件主题和简历标题格式要求：实习职位_姓名_学校_在读学历 ",发表于2018-05-29 09:43:31,【实习】【三星中国研究院】深度强化学习算法实习,https://bbs.pku.edu.cn/v2//v2/post-read.php?bid=896&threadid=16429567
zhaaw,"职位名称: 深度学习算法实习生  ,    ,职位描述:  ,在深度学习资深专家的指导下，从事深度学习(DL)、增强现实(AR)、人体姿态估计、生成对抗网络(GAN)、深度增强学习(DRL)等方向的前沿技术研发。,三星电子中国研究院机器学习LAB，在深度学习领域有顶尖的团队，有深厚的技术积累、丰富的数据和计算资源；,在国际竞赛上成绩优秀(系统名SRC-B-MachineLearningLab)，其中:,1.ICCV 2017 PoseTrack Challenge (Human Pose Estimation and Tracking in the wild): Winner of Challenge 1 and 2,2.ICDAR 2017 Robust Reading Competition COCO-Text: Task1 Detection排名第二,3.ICDAR 2015 Robust Reading Competition Task2.1/2.3/2.4/3.1/3.4/4.1/4.3/4.4等任务都曾获得过第一,    ,职位基本要求:  ,1.硕士及以上学历，计算机、电子、自动化、数学等相关专业,2.熟悉Python或Lua或Matlab等至少一种脚本语言,3.熟悉C/C++编程,4.熟悉至少一种深度学习框架(TensorFlow/Caffe/MXNet/PyTorch/Keras/Theano等)  ,5.出色的编程能力，有ACM-ICPC分区赛铜牌以上成绩者优先,6.每周出勤至少4天，实习时间连续3个月以上,深度学习方向:,1.熟悉基于深度学习的文字/图像检测、识别、分割、跟踪等,2.在该领域发表过优秀论文者优先,3.在该领域参加竞赛并获得优异成绩者优先,增强现实方向:(以下具备一项即可),1.熟悉图像语义分割/场景分割,2.熟悉单目/双目深度估计,3.熟悉SLAM/VO/IMU等,4.熟悉手势识别、动作识别等交互技术,5.熟悉光源估计、光照一致性,人体姿态估计方向:,1.熟悉Human Pose Estimation/Tracking, Hand Skeleton, Head Pose Estimation等,2.在该领域发表过优秀论文者优先,3.在该领域参加竞赛并获得优异成绩者优先,生成对抗网络方向:,1.熟悉生成对抗网络基本理论，熟悉该领域前沿,2.熟悉生成对抗网络在语义分割、样本生成、风格转换、自动着色等领域的应用,3.数学功底扎实，英文文献阅读能力强,深度增强学习方向:,1.熟悉增强学习基本理论，熟悉该领域前沿,2.熟悉深度增强学习在控制、机器人、自动驾驶等领域的应用,3.数学功底扎实，英文文献阅读能力强,深度学习优化方向:,1.熟悉深度学习模型优化和加速算法,2.熟悉深度学习嵌入式移植和优化,计算机图形学方向：,1. 熟练掌握计算机图形学基础知识,2. 熟练掌握OpenGL，可以编写Shader实现高级渲染,3. 熟练掌握三维场景光照计算模型,4. 熟悉AR光照估算算法者优先,5. 英文文献阅读能力强,6. 计算机图像学方向的博士优先,视频目标检测方向：,1. 熟悉基于深度学习的目标检测(object detection)或目标跟踪(visual tracking)，动手能力强,2. 对视频目标检测(object detection from video, VID)方向的研究与竞赛(ImageNet VID)感兴趣，有能力对其相关领域的研究前沿进行及时的调研与复现,3. 在目标检测或目标跟踪领域参加竞赛并获得优异成绩者优先(ImageNet VID, ImageNet DET, VOT等),图像/视频caption方向,1.熟悉visual caption方向的基本理论，熟悉该领域前沿,2.数学功底扎实，英文文献阅读能力强，代码能力强,3.在visual caption方向有相关经验者（论文、竞赛、项目等）优先,    ,工作地点：北京市朝阳区太阳宫中路12A号太阳宫大厦18层（地铁十号线太阳宫站C出口300米）  ,联系方式：ke17.lin@samsung.com,简历命名格式：姓名-学校-学位-申请方向,三星电子中国研究院, 欢迎有兴趣同学投递简历。 ",发表于2018-05-28 11:29:12,【实习】【三星电子中国研究院】深度学习算法实习生,https://bbs.pku.edu.cn/v2//v2/post-read.php?bid=896&threadid=16428530
zhaaw,"职位名称: 深度学习算法实习生  ,    ,职位描述:  ,在深度学习资深专家的指导下，从事深度学习(DL)、增强现实(AR)、人体姿态估计、生成对抗网络(GAN)、深度增强学习(DRL)等方向的前沿技术研发。,三星电子中国研究院机器学习LAB，在深度学习领域有顶尖的团队，有深厚的技术积累、丰富的数据和计算资源；,在国际竞赛上成绩优秀(系统名SRC-B-MachineLearningLab)，其中:,1.ICCV 2017 PoseTrack Challenge (Human Pose Estimation and Tracking in the wild): Winner of Challenge 1 and 2,2.ICDAR 2017 Robust Reading Competition COCO-Text: Task1 Detection排名第二,3.ICDAR 2015 Robust Reading Competition Task2.1/2.3/2.4/3.1/3.4/4.1/4.3/4.4等任务都曾获得过第一,    ,职位基本要求:  ,1.硕士及以上学历，计算机、电子、自动化、数学等相关专业,2.熟悉Python或Lua或Matlab等至少一种脚本语言,3.熟悉C/C++编程,4.熟悉至少一种深度学习框架(TensorFlow/Caffe/MXNet/PyTorch/Keras/Theano等)  ,5.出色的编程能力，有ACM-ICPC分区赛铜牌以上成绩者优先,6.每周出勤至少4天，实习时间连续3个月以上,深度学习方向:,1.熟悉基于深度学习的文字/图像检测、识别、分割、跟踪等,2.在该领域发表过优秀论文者优先,3.在该领域参加竞赛并获得优异成绩者优先,增强现实方向:(以下具备一项即可),1.熟悉图像语义分割/场景分割,2.熟悉单目/双目深度估计,3.熟悉SLAM/VO/IMU等,4.熟悉手势识别、动作识别等交互技术,5.熟悉光源估计、光照一致性,人体姿态估计方向:,1.熟悉Human Pose Estimation/Tracking, Hand Skeleton, Head Pose Estimation等,2.在该领域发表过优秀论文者优先,3.在该领域参加竞赛并获得优异成绩者优先,生成对抗网络方向:,1.熟悉生成对抗网络基本理论，熟悉该领域前沿,2.熟悉生成对抗网络在语义分割、样本生成、风格转换、自动着色等领域的应用,3.数学功底扎实，英文文献阅读能力强,深度增强学习方向:,1.熟悉增强学习基本理论，熟悉该领域前沿,2.熟悉深度增强学习在控制、机器人、自动驾驶等领域的应用,3.数学功底扎实，英文文献阅读能力强,深度学习优化方向:,1.熟悉深度学习模型优化和加速算法,2.熟悉深度学习嵌入式移植和优化,计算机图形学方向：,1. 熟练掌握计算机图形学基础知识,2. 熟练掌握OpenGL，可以编写Shader实现高级渲染,3. 熟练掌握三维场景光照计算模型,4. 熟悉AR光照估算算法者优先,5. 英文文献阅读能力强,6. 计算机图像学方向的博士优先,视频目标检测方向：,1. 熟悉基于深度学习的目标检测(object detection)或目标跟踪(visual tracking)，动手能力强,2. 对视频目标检测(object detection from video, VID)方向的研究与竞赛(ImageNet VID)感兴趣，有能力对其相关领域的研究前沿进行及时的调研与复现,3. 在目标检测或目标跟踪领域参加竞赛并获得优异成绩者优先(ImageNet VID, ImageNet DET, VOT等),图像/视频caption方向,1.熟悉visual caption方向的基本理论，熟悉该领域前沿,2.数学功底扎实，英文文献阅读能力强，代码能力强,3.在visual caption方向有相关经验者（论文、竞赛、项目等）优先,    ,工作地点：北京市朝阳区太阳宫中路12A号太阳宫大厦18层（地铁十号线太阳宫站C出口300米）  ,联系方式：ke17.lin@samsung.com,简历命名格式：姓名-学校-学位-申请方向,三星电子中国研究院, 欢迎有兴趣同学投递简历。 ",发表于2018-05-30 11:08:26,【实习】【三星电子中国研究院】深度学习算法实习生,https://bbs.pku.edu.cn/v2//v2/post-read.php?bid=896&threadid=16430969
zhaaw,"职位名称: 深度学习算法实习生  ,    ,职位描述:  ,在深度学习资深专家的指导下，从事深度学习(DL)、增强现实(AR)、人体姿态估计、生成对抗网络(GAN)、深度增强学习(DRL)等方向的前沿技术研发。,三星电子中国研究院机器学习LAB，在深度学习领域有顶尖的团队，有深厚的技术积累、丰富的数据和计算资源；,在国际竞赛上成绩优秀(系统名SRC-B-MachineLearningLab)，其中:,1.ICCV 2017 PoseTrack Challenge (Human Pose Estimation and Tracking in the wild): Winner of Challenge 1 and 2,2.ICDAR 2017 Robust Reading Competition COCO-Text: Task1 Detection排名第二,3.ICDAR 2015 Robust Reading Competition Task2.1/2.3/2.4/3.1/3.4/4.1/4.3/4.4等任务都曾获得过第一,    ,职位基本要求:  ,1.硕士及以上学历，计算机、电子、自动化、数学等相关专业,2.熟悉Python或Lua或Matlab等至少一种脚本语言,3.熟悉C/C++编程,4.熟悉至少一种深度学习框架(TensorFlow/Caffe/MXNet/PyTorch/Keras/Theano等)  ,5.出色的编程能力，有ACM-ICPC分区赛铜牌以上成绩者优先,6.每周出勤至少4天，实习时间连续3个月以上,深度学习方向:,1.熟悉基于深度学习的文字/图像检测、识别、分割、跟踪等,2.在该领域发表过优秀论文者优先,3.在该领域参加竞赛并获得优异成绩者优先,增强现实方向:(以下具备一项即可),1.熟悉图像语义分割/场景分割,2.熟悉单目/双目深度估计,3.熟悉SLAM/VO/IMU等,4.熟悉手势识别、动作识别等交互技术,5.熟悉光源估计、光照一致性,人体姿态估计方向:,1.熟悉Human Pose Estimation/Tracking, Hand Skeleton, Head Pose Estimation等,2.在该领域发表过优秀论文者优先,3.在该领域参加竞赛并获得优异成绩者优先,生成对抗网络方向:,1.熟悉生成对抗网络基本理论，熟悉该领域前沿,2.熟悉生成对抗网络在语义分割、样本生成、风格转换、自动着色等领域的应用,3.数学功底扎实，英文文献阅读能力强,深度增强学习方向:,1.熟悉增强学习基本理论，熟悉该领域前沿,2.熟悉深度增强学习在控制、机器人、自动驾驶等领域的应用,3.数学功底扎实，英文文献阅读能力强,深度学习优化方向:,1.熟悉深度学习模型优化和加速算法,2.熟悉深度学习嵌入式移植和优化,计算机图形学方向：,1. 熟练掌握计算机图形学基础知识,2. 熟练掌握OpenGL，可以编写Shader实现高级渲染,3. 熟练掌握三维场景光照计算模型,4. 熟悉AR光照估算算法者优先,5. 英文文献阅读能力强,6. 计算机图像学方向的博士优先,视频目标检测方向：,1. 熟悉基于深度学习的目标检测(object detection)或目标跟踪(visual tracking)，动手能力强,2. 对视频目标检测(object detection from video, VID)方向的研究与竞赛(ImageNet VID)感兴趣，有能力对其相关领域的研究前沿进行及时的调研与复现,3. 在目标检测或目标跟踪领域参加竞赛并获得优异成绩者优先(ImageNet VID, ImageNet DET, VOT等),图像/视频caption方向,1.熟悉visual caption方向的基本理论，熟悉该领域前沿,2.数学功底扎实，英文文献阅读能力强，代码能力强,3.在visual caption方向有相关经验者（论文、竞赛、项目等）优先,    ,工作地点：北京市朝阳区太阳宫中路12A号太阳宫大厦18层（地铁十号线太阳宫站C出口300米）  ,联系方式：ke17.lin@samsung.com,简历命名格式：姓名-学校-学位-申请方向,三星电子中国研究院, 欢迎有兴趣同学投递简历。 ",发表于2018-05-31 16:22:46,【实习】【三星电子中国研究院】深度学习算法实习生,https://bbs.pku.edu.cn/v2//v2/post-read.php?bid=896&threadid=16432555
zhaaw,"职位名称: 深度学习算法实习生  ,    ,职位描述:  ,在深度学习资深专家的指导下，从事深度学习(DL)、增强现实(AR)、人体姿态估计、生成对抗网络(GAN)、深度增强学习(DRL)等方向的前沿技术研发。,三星电子中国研究院机器学习LAB，在深度学习领域有顶尖的团队，有深厚的技术积累、丰富的数据和计算资源；,在国际竞赛上成绩优秀(系统名SRC-B-MachineLearningLab)，其中:,1.ICCV 2017 PoseTrack Challenge (Human Pose Estimation and Tracking in the wild): Winner of Challenge 1 and 2,2.ICDAR 2017 Robust Reading Competition COCO-Text: Task1 Detection排名第二,3.ICDAR 2015 Robust Reading Competition Task2.1/2.3/2.4/3.1/3.4/4.1/4.3/4.4等任务都曾获得过第一,    ,职位基本要求:  ,1.硕士及以上学历，计算机、电子、自动化、数学等相关专业,2.熟悉Python或Lua或Matlab等至少一种脚本语言,3.熟悉C/C++编程,4.熟悉至少一种深度学习框架(TensorFlow/Caffe/MXNet/PyTorch/Keras/Theano等)  ,5.出色的编程能力，有ACM-ICPC分区赛铜牌以上成绩者优先,6.每周出勤至少4天，实习时间连续3个月以上,深度学习方向:,1.熟悉基于深度学习的文字/图像检测、识别、分割、跟踪等,2.在该领域发表过优秀论文者优先,3.在该领域参加竞赛并获得优异成绩者优先,增强现实方向:(以下具备一项即可),1.熟悉图像语义分割/场景分割,2.熟悉单目/双目深度估计,3.熟悉SLAM/VO/IMU等,4.熟悉手势识别、动作识别等交互技术,5.熟悉光源估计、光照一致性,人体姿态估计方向:,1.熟悉Human Pose Estimation/Tracking, Hand Skeleton, Head Pose Estimation等,2.在该领域发表过优秀论文者优先,3.在该领域参加竞赛并获得优异成绩者优先,生成对抗网络方向:,1.熟悉生成对抗网络基本理论，熟悉该领域前沿,2.熟悉生成对抗网络在语义分割、样本生成、风格转换、自动着色等领域的应用,3.数学功底扎实，英文文献阅读能力强,深度增强学习方向:,1.熟悉增强学习基本理论，熟悉该领域前沿,2.熟悉深度增强学习在控制、机器人、自动驾驶等领域的应用,3.数学功底扎实，英文文献阅读能力强,深度学习优化方向:,1.熟悉深度学习模型优化和加速算法,2.熟悉深度学习嵌入式移植和优化,计算机图形学方向：,1. 熟练掌握计算机图形学基础知识,2. 熟练掌握OpenGL，可以编写Shader实现高级渲染,3. 熟练掌握三维场景光照计算模型,4. 熟悉AR光照估算算法者优先,5. 英文文献阅读能力强,6. 计算机图像学方向的博士优先,视频目标检测方向：,1. 熟悉基于深度学习的目标检测(object detection)或目标跟踪(visual tracking)，动手能力强,2. 对视频目标检测(object detection from video, VID)方向的研究与竞赛(ImageNet VID)感兴趣，有能力对其相关领域的研究前沿进行及时的调研与复现,3. 在目标检测或目标跟踪领域参加竞赛并获得优异成绩者优先(ImageNet VID, ImageNet DET, VOT等),图像/视频caption方向,1.熟悉visual caption方向的基本理论，熟悉该领域前沿,2.数学功底扎实，英文文献阅读能力强，代码能力强,3.在visual caption方向有相关经验者（论文、竞赛、项目等）优先,    ,工作地点：北京市朝阳区太阳宫中路12A号太阳宫大厦18层（地铁十号线太阳宫站C出口300米）  ,联系方式：ke17.lin@samsung.com,简历命名格式：姓名-学校-学位-申请方向,三星电子中国研究院, 欢迎有兴趣同学投递简历。 ",发表于2018-06-04 11:41:55,【实习】【三星电子中国研究院】深度学习算法实习生,https://bbs.pku.edu.cn/v2//v2/post-read.php?bid=896&threadid=16436478
wlx,"岗位职责  ,1. 使用机器学习和数据挖掘算法从大规模语音或用户行为数据中挖掘有价值的知识,2. 使用NLP技术实现上车点POI名称的实体识别，文本语义挖掘等项目，支撑上车点推荐及命名等应用的需求  ,3. 构建用户画像以及挖掘用户行为应用于出行领域，建立精准基础标签，行为标签和场景标签  ,4. 研究各类机器学习和推荐算法，包括Deep learning、GBDT、RF、FM、DeepFM等，应用于上车点推荐系统，实现以技术为驱动的个性化出行体验的提升;    ,    ,岗位要求   ,1.有推荐系统相关的理论基础和实践经验，并有深度学习经验者优先；   ,2.熟悉C++或Python，熟练使用常用算法和数据结构，对算法有较强的实现能力   ,3.专业方向为推荐系统、深度学习、机器学习、计算机视觉等相关方向的硕士、博士；   ,4.相关领域进行过深入研发或发表过高质量论文者优先  ,5.具有良好的沟通能力、坦诚直接、重视团队合作 ,6.一周实习4天以上，6月底能到岗，实习4个月以上,有意请发个人简历到lutingting@didichuxing.com，邮件请注明实习到岗时间，实习时间",发表于2018-06-04 16:05:20,【实习】【滴滴出行】机器学习算法实习生,https://bbs.pku.edu.cn/v2//v2/post-read.php?bid=896&threadid=16436723
zhaaw,"职位名称: 深度学习算法实习生  ,    ,职位描述:  ,在深度学习资深专家的指导下，从事深度学习(DL)、增强现实(AR)、人体姿态估计、生成对抗网络(GAN)、深度增强学习(DRL)等方向的前沿技术研发。,三星电子中国研究院机器学习LAB，在深度学习领域有顶尖的团队，有深厚的技术积累、丰富的数据和计算资源；,在国际竞赛上成绩优秀(系统名SRC-B-MachineLearningLab)，其中:,1.ICCV 2017 PoseTrack Challenge (Human Pose Estimation and Tracking in the wild): Winner of Challenge 1 and 2,2.ICDAR 2017 Robust Reading Competition COCO-Text: Task1 Detection排名第二,3.ICDAR 2015 Robust Reading Competition Task2.1/2.3/2.4/3.1/3.4/4.1/4.3/4.4等任务都曾获得过第一,    ,职位基本要求:  ,1.硕士及以上学历，计算机、电子、自动化、数学等相关专业,2.熟悉Python或Lua或Matlab等至少一种脚本语言,3.熟悉C/C++编程,4.熟悉至少一种深度学习框架(TensorFlow/Caffe/MXNet/PyTorch/Keras/Theano等)  ,5.出色的编程能力，有ACM-ICPC分区赛铜牌以上成绩者优先,6.每周出勤至少4天，实习时间连续3个月以上,深度学习方向:,1.熟悉基于深度学习的文字/图像检测、识别、分割、跟踪等,2.在该领域发表过优秀论文者优先,3.在该领域参加竞赛并获得优异成绩者优先,增强现实方向:(以下具备一项即可),1.熟悉图像语义分割/场景分割,2.熟悉单目/双目深度估计,3.熟悉SLAM/VO/IMU等,4.熟悉手势识别、动作识别等交互技术,5.熟悉光源估计、光照一致性,人体姿态估计方向:,1.熟悉Human Pose Estimation/Tracking, Hand Skeleton, Head Pose Estimation等,2.在该领域发表过优秀论文者优先,3.在该领域参加竞赛并获得优异成绩者优先,生成对抗网络方向:,1.熟悉生成对抗网络基本理论，熟悉该领域前沿,2.熟悉生成对抗网络在语义分割、样本生成、风格转换、自动着色等领域的应用,3.数学功底扎实，英文文献阅读能力强,深度增强学习方向:,1.熟悉增强学习基本理论，熟悉该领域前沿,2.熟悉深度增强学习在控制、机器人、自动驾驶等领域的应用,3.数学功底扎实，英文文献阅读能力强,深度学习优化方向:,1.熟悉深度学习模型优化和加速算法,2.熟悉深度学习嵌入式移植和优化,计算机图形学方向：,1. 熟练掌握计算机图形学基础知识,2. 熟练掌握OpenGL，可以编写Shader实现高级渲染,3. 熟练掌握三维场景光照计算模型,4. 熟悉AR光照估算算法者优先,5. 英文文献阅读能力强,6. 计算机图像学方向的博士优先,视频目标检测方向：,1. 熟悉基于深度学习的目标检测(object detection)或目标跟踪(visual tracking)，动手能力强,2. 对视频目标检测(object detection from video, VID)方向的研究与竞赛(ImageNet VID)感兴趣，有能力对其相关领域的研究前沿进行及时的调研与复现,3. 在目标检测或目标跟踪领域参加竞赛并获得优异成绩者优先(ImageNet VID, ImageNet DET, VOT等),图像/视频caption方向,1.熟悉visual caption方向的基本理论，熟悉该领域前沿,2.数学功底扎实，英文文献阅读能力强，代码能力强,3.在visual caption方向有相关经验者（论文、竞赛、项目等）优先,    ,工作地点：北京市朝阳区太阳宫中路12A号太阳宫大厦18层（地铁十号线太阳宫站C出口300米）  ,联系方式：ke17.lin@samsung.com,简历命名格式：姓名-学校-学位-申请方向,三星电子中国研究院, 欢迎有兴趣同学投递简历。 ",发表于2018-06-05 09:40:49,【实习】【三星电子中国研究院】深度学习算法实习生,https://bbs.pku.edu.cn/v2//v2/post-read.php?bid=896&threadid=16437555
zhaaw,"职位名称: 深度学习算法实习生  ,    ,职位描述:  ,在深度学习资深专家的指导下，从事深度学习(DL)、增强现实(AR)、人体姿态估计、生成对抗网络(GAN)、深度增强学习(DRL)等方向的前沿技术研发。,三星电子中国研究院机器学习LAB，在深度学习领域有顶尖的团队，有深厚的技术积累、丰富的数据和计算资源；,在国际竞赛上成绩优秀(系统名SRC-B-MachineLearningLab)，其中:,1.ICCV 2017 PoseTrack Challenge (Human Pose Estimation and Tracking in the wild): Winner of Challenge 1 and 2,2.ICDAR 2017 Robust Reading Competition COCO-Text: Task1 Detection排名第二,3.ICDAR 2015 Robust Reading Competition Task2.1/2.3/2.4/3.1/3.4/4.1/4.3/4.4等任务都曾获得过第一,    ,职位基本要求:  ,1.硕士及以上学历，计算机、电子、自动化、数学等相关专业,2.熟悉Python或Lua或Matlab等至少一种脚本语言,3.熟悉C/C++编程,4.熟悉至少一种深度学习框架(TensorFlow/Caffe/MXNet/PyTorch/Keras/Theano等)  ,5.出色的编程能力，有ACM-ICPC分区赛铜牌以上成绩者优先,6.每周出勤至少4天，实习时间连续3个月以上,深度学习方向:,1.熟悉基于深度学习的文字/图像检测、识别、分割、跟踪等,2.在该领域发表过优秀论文者优先,3.在该领域参加竞赛并获得优异成绩者优先,增强现实方向:(以下具备一项即可),1.熟悉图像语义分割/场景分割,2.熟悉单目/双目深度估计,3.熟悉SLAM/VO/IMU等,4.熟悉手势识别、动作识别等交互技术,5.熟悉光源估计、光照一致性,人体姿态估计方向:,1.熟悉Human Pose Estimation/Tracking, Hand Skeleton, Head Pose Estimation等,2.在该领域发表过优秀论文者优先,3.在该领域参加竞赛并获得优异成绩者优先,生成对抗网络方向:,1.熟悉生成对抗网络基本理论，熟悉该领域前沿,2.熟悉生成对抗网络在语义分割、样本生成、风格转换、自动着色等领域的应用,3.数学功底扎实，英文文献阅读能力强,深度增强学习方向:,1.熟悉增强学习基本理论，熟悉该领域前沿,2.熟悉深度增强学习在控制、机器人、自动驾驶等领域的应用,3.数学功底扎实，英文文献阅读能力强,深度学习优化方向:,1.熟悉深度学习模型优化和加速算法,2.熟悉深度学习嵌入式移植和优化,计算机图形学方向：,1. 熟练掌握计算机图形学基础知识,2. 熟练掌握OpenGL，可以编写Shader实现高级渲染,3. 熟练掌握三维场景光照计算模型,4. 熟悉AR光照估算算法者优先,5. 英文文献阅读能力强,6. 计算机图像学方向的博士优先,视频目标检测方向：,1. 熟悉基于深度学习的目标检测(object detection)或目标跟踪(visual tracking)，动手能力强,2. 对视频目标检测(object detection from video, VID)方向的研究与竞赛(ImageNet VID)感兴趣，有能力对其相关领域的研究前沿进行及时的调研与复现,3. 在目标检测或目标跟踪领域参加竞赛并获得优异成绩者优先(ImageNet VID, ImageNet DET, VOT等),图像/视频caption方向,1.熟悉visual caption方向的基本理论，熟悉该领域前沿,2.数学功底扎实，英文文献阅读能力强，代码能力强,3.在visual caption方向有相关经验者（论文、竞赛、项目等）优先,    ,工作地点：北京市朝阳区太阳宫中路12A号太阳宫大厦18层（地铁十号线太阳宫站C出口300米）  ,联系方式：ke17.lin@samsung.com,简历命名格式：姓名-学校-学位-申请方向,三星电子中国研究院, 欢迎有兴趣同学投递简历。 ,已投，但没回复,zhaaw (zhaaw) 在 ta 的帖子中提到：,职位名称: 深度学习算法实习生  ,    ,职位描述:  ,……",发表于2018-06-06 09:09:40,【实习】【三星电子中国研究院】深度学习算法实习生,https://bbs.pku.edu.cn/v2//v2/post-read.php?bid=896&threadid=16438788
zhaaw,"职位名称: 深度学习算法实习生  ,    ,职位描述:  ,在深度学习资深专家的指导下，从事深度学习(DL)、增强现实(AR)、人体姿态估计、生成对抗网络(GAN)、深度增强学习(DRL)等方向的前沿技术研发。,三星电子中国研究院机器学习LAB，在深度学习领域有顶尖的团队，有深厚的技术积累、丰富的数据和计算资源；,在国际竞赛上成绩优秀(系统名SRC-B-MachineLearningLab)，其中:,1.ICCV 2017 PoseTrack Challenge (Human Pose Estimation and Tracking in the wild): Winner of Challenge 1 and 2,2.ICDAR 2017 Robust Reading Competition COCO-Text: Task1 Detection排名第二,3.ICDAR 2015 Robust Reading Competition Task2.1/2.3/2.4/3.1/3.4/4.1/4.3/4.4等任务都曾获得过第一,    ,职位基本要求:  ,1.硕士及以上学历，计算机、电子、自动化、数学等相关专业,2.熟悉Python或Lua或Matlab等至少一种脚本语言,3.熟悉C/C++编程,4.熟悉至少一种深度学习框架(TensorFlow/Caffe/MXNet/PyTorch/Keras/Theano等)  ,5.出色的编程能力，有ACM-ICPC分区赛铜牌以上成绩者优先,6.每周出勤至少4天，实习时间连续3个月以上,深度学习方向:,1.熟悉基于深度学习的文字/图像检测、识别、分割、跟踪等,2.在该领域发表过优秀论文者优先,3.在该领域参加竞赛并获得优异成绩者优先,增强现实方向:(以下具备一项即可),1.熟悉图像语义分割/场景分割,2.熟悉单目/双目深度估计,3.熟悉SLAM/VO/IMU等,4.熟悉手势识别、动作识别等交互技术,5.熟悉光源估计、光照一致性,人体姿态估计方向:,1.熟悉Human Pose Estimation/Tracking, Hand Skeleton, Head Pose Estimation等,2.在该领域发表过优秀论文者优先,3.在该领域参加竞赛并获得优异成绩者优先,生成对抗网络方向:,1.熟悉生成对抗网络基本理论，熟悉该领域前沿,2.熟悉生成对抗网络在语义分割、样本生成、风格转换、自动着色等领域的应用,3.数学功底扎实，英文文献阅读能力强,深度增强学习方向:,1.熟悉增强学习基本理论，熟悉该领域前沿,2.熟悉深度增强学习在控制、机器人、自动驾驶等领域的应用,3.数学功底扎实，英文文献阅读能力强,深度学习优化方向:,1.熟悉深度学习模型优化和加速算法,2.熟悉深度学习嵌入式移植和优化,计算机图形学方向：,1. 熟练掌握计算机图形学基础知识,2. 熟练掌握OpenGL，可以编写Shader实现高级渲染,3. 熟练掌握三维场景光照计算模型,4. 熟悉AR光照估算算法者优先,5. 英文文献阅读能力强,6. 计算机图像学方向的博士优先,视频目标检测方向：,1. 熟悉基于深度学习的目标检测(object detection)或目标跟踪(visual tracking)，动手能力强,2. 对视频目标检测(object detection from video, VID)方向的研究与竞赛(ImageNet VID)感兴趣，有能力对其相关领域的研究前沿进行及时的调研与复现,3. 在目标检测或目标跟踪领域参加竞赛并获得优异成绩者优先(ImageNet VID, ImageNet DET, VOT等),图像/视频caption方向,1.熟悉visual caption方向的基本理论，熟悉该领域前沿,2.数学功底扎实，英文文献阅读能力强，代码能力强,3.在visual caption方向有相关经验者（论文、竞赛、项目等）优先,人脸识别方向:,1.熟悉Face Detection, Face Recognition, Face Landmark, Facial Expression等,2.在该领域发表过优秀论文者优先,3.在该领域参加竞赛并获得优异成绩者优先,    ,工作地点：北京市朝阳区太阳宫中路12A号太阳宫大厦18层（地铁十号线太阳宫站C出口300米）  ,联系方式：ke17.lin@samsung.com,简历命名格式：姓名-学校-学位-申请方向,三星电子中国研究院, 欢迎有兴趣同学投递简历。 ",发表于2018-06-07 10:42:27,【实习】【三星电子中国研究院】深度学习算法实习生,https://bbs.pku.edu.cn/v2//v2/post-read.php?bid=896&threadid=16440062
zhaaw,"职位名称: 深度学习算法实习生  ,    ,职位描述:  ,在深度学习资深专家的指导下，从事深度学习(DL)、增强现实(AR)、人体姿态估计、生成对抗网络(GAN)、深度增强学习(DRL)等方向的前沿技术研发。,三星电子中国研究院机器学习LAB，在深度学习领域有顶尖的团队，有深厚的技术积累、丰富的数据和计算资源；,在国际竞赛上成绩优秀(系统名SRC-B-MachineLearningLab)，其中:,1.ICCV 2017 PoseTrack Challenge (Human Pose Estimation and Tracking in the wild): Winner of Challenge 1 and 2,2.ICDAR 2017 Robust Reading Competition COCO-Text: Task1 Detection排名第二,3.ICDAR 2015 Robust Reading Competition Task2.1/2.3/2.4/3.1/3.4/4.1/4.3/4.4等任务都曾获得过第一,    ,职位基本要求:  ,1.硕士及以上学历，计算机、电子、自动化、数学等相关专业,2.熟悉Python或Lua或Matlab等至少一种脚本语言,3.熟悉C/C++编程,4.熟悉至少一种深度学习框架(TensorFlow/Caffe/MXNet/PyTorch/Keras/Theano等)  ,5.出色的编程能力，有ACM-ICPC分区赛铜牌以上成绩者优先,6.每周出勤至少4天，实习时间连续3个月以上,深度学习方向:,1.熟悉基于深度学习的文字/图像检测、识别、分割、跟踪等,2.在该领域发表过优秀论文者优先,3.在该领域参加竞赛并获得优异成绩者优先,增强现实方向:(以下具备一项即可),1.熟悉图像语义分割/场景分割,2.熟悉单目/双目深度估计,3.熟悉SLAM/VO/IMU等,4.熟悉手势识别、动作识别等交互技术,5.熟悉光源估计、光照一致性,人体姿态估计方向:,1.熟悉Human Pose Estimation/Tracking, Hand Skeleton, Head Pose Estimation等,2.在该领域发表过优秀论文者优先,3.在该领域参加竞赛并获得优异成绩者优先,生成对抗网络方向:,1.熟悉生成对抗网络基本理论，熟悉该领域前沿,2.熟悉生成对抗网络在语义分割、样本生成、风格转换、自动着色等领域的应用,3.数学功底扎实，英文文献阅读能力强,深度增强学习方向:,1.熟悉增强学习基本理论，熟悉该领域前沿,2.熟悉深度增强学习在控制、机器人、自动驾驶等领域的应用,3.数学功底扎实，英文文献阅读能力强,深度学习优化方向:,1.熟悉深度学习模型优化和加速算法,2.熟悉深度学习嵌入式移植和优化,计算机图形学方向：,1. 熟练掌握计算机图形学基础知识,2. 熟练掌握OpenGL，可以编写Shader实现高级渲染,3. 熟练掌握三维场景光照计算模型,4. 熟悉AR光照估算算法者优先,5. 英文文献阅读能力强,6. 计算机图像学方向的博士优先,视频目标检测方向：,1. 熟悉基于深度学习的目标检测(object detection)或目标跟踪(visual tracking)，动手能力强,2. 对视频目标检测(object detection from video, VID)方向的研究与竞赛(ImageNet VID)感兴趣，有能力对其相关领域的研究前沿进行及时的调研与复现,3. 在目标检测或目标跟踪领域参加竞赛并获得优异成绩者优先(ImageNet VID, ImageNet DET, VOT等),图像/视频caption方向,1.熟悉visual caption方向的基本理论，熟悉该领域前沿,2.数学功底扎实，英文文献阅读能力强，代码能力强,3.在visual caption方向有相关经验者（论文、竞赛、项目等）优先,    ,工作地点：北京市朝阳区太阳宫中路12A号太阳宫大厦18层（地铁十号线太阳宫站C出口300米）  ,联系方式：ke17.lin@samsung.com,简历命名格式：姓名-学校-学位-申请方向,三星电子中国研究院, 欢迎有兴趣同学投递简历。 ",发表于2018-06-01 10:12:48,【实习】【三星电子中国研究院】深度学习算法实习生,https://bbs.pku.edu.cn/v2//v2/post-read.php?bid=896&threadid=16433201
zhaaw,"职位名称: 深度学习算法实习生  ,    ,职位描述:  ,在深度学习资深专家的指导下，从事深度学习(DL)、增强现实(AR)、人体姿态估计、生成对抗网络(GAN)、深度增强学习(DRL)等方向的前沿技术研发。,三星电子中国研究院机器学习LAB，在深度学习领域有顶尖的团队，有深厚的技术积累、丰富的数据和计算资源；,在国际竞赛上成绩优秀(系统名SRC-B-MachineLearningLab)，其中:,1.ICCV 2017 PoseTrack Challenge (Human Pose Estimation and Tracking in the wild): Winner of Challenge 1 and 2,2.ICDAR 2017 Robust Reading Competition COCO-Text: Task1 Detection排名第二,3.ICDAR 2015 Robust Reading Competition Task2.1/2.3/2.4/3.1/3.4/4.1/4.3/4.4等任务都曾获得过第一,    ,职位基本要求:  ,1.硕士及以上学历，计算机、电子、自动化、数学等相关专业,2.熟悉Python或Lua或Matlab等至少一种脚本语言,3.熟悉C/C++编程,4.熟悉至少一种深度学习框架(TensorFlow/Caffe/MXNet/PyTorch/Keras/Theano等)  ,5.出色的编程能力，有ACM-ICPC分区赛铜牌以上成绩者优先,6.每周出勤至少4天，实习时间连续3个月以上,深度学习方向:,1.熟悉基于深度学习的文字/图像检测、识别、分割、跟踪等,2.在该领域发表过优秀论文者优先,3.在该领域参加竞赛并获得优异成绩者优先,增强现实方向:(以下具备一项即可),1.熟悉图像语义分割/场景分割,2.熟悉单目/双目深度估计,3.熟悉SLAM/VO/IMU等,4.熟悉手势识别、动作识别等交互技术,5.熟悉光源估计、光照一致性,人体姿态估计方向:,1.熟悉Human Pose Estimation/Tracking, Hand Skeleton, Head Pose Estimation等,2.在该领域发表过优秀论文者优先,3.在该领域参加竞赛并获得优异成绩者优先,生成对抗网络方向:,1.熟悉生成对抗网络基本理论，熟悉该领域前沿,2.熟悉生成对抗网络在语义分割、样本生成、风格转换、自动着色等领域的应用,3.数学功底扎实，英文文献阅读能力强,深度增强学习方向:,1.熟悉增强学习基本理论，熟悉该领域前沿,2.熟悉深度增强学习在控制、机器人、自动驾驶等领域的应用,3.数学功底扎实，英文文献阅读能力强,深度学习优化方向:,1.熟悉深度学习模型优化和加速算法,2.熟悉深度学习嵌入式移植和优化,计算机图形学方向：,1. 熟练掌握计算机图形学基础知识,2. 熟练掌握OpenGL，可以编写Shader实现高级渲染,3. 熟练掌握三维场景光照计算模型,4. 熟悉AR光照估算算法者优先,5. 英文文献阅读能力强,6. 计算机图像学方向的博士优先,视频目标检测方向：,1. 熟悉基于深度学习的目标检测(object detection)或目标跟踪(visual tracking)，动手能力强,2. 对视频目标检测(object detection from video, VID)方向的研究与竞赛(ImageNet VID)感兴趣，有能力对其相关领域的研究前沿进行及时的调研与复现,3. 在目标检测或目标跟踪领域参加竞赛并获得优异成绩者优先(ImageNet VID, ImageNet DET, VOT等),图像/视频caption方向,1.熟悉visual caption方向的基本理论，熟悉该领域前沿,2.数学功底扎实，英文文献阅读能力强，代码能力强,3.在visual caption方向有相关经验者（论文、竞赛、项目等）优先,人脸识别方向:,1.熟悉Face Detection, Face Recognition, Face Landmark, Facial Expression等,2.在该领域发表过优秀论文者优先,3.在该领域参加竞赛并获得优异成绩者优先,    ,工作地点：北京市朝阳区太阳宫中路12A号太阳宫大厦18层（地铁十号线太阳宫站C出口300米）  ,联系方式：ke17.lin@samsung.com,简历命名格式：姓名-学校-学位-申请方向,三星电子中国研究院, 欢迎有兴趣同学投递简历。 ",发表于2018-06-08 10:10:42,【实习】【三星电子中国研究院】深度学习算法实习生,https://bbs.pku.edu.cn/v2//v2/post-read.php?bid=896&threadid=16441036
zhaaw,"职位名称: 深度学习算法实习生  ,    ,职位描述:  ,在深度学习资深专家的指导下，从事深度学习(DL)、增强现实(AR)、人体姿态估计、生成对抗网络(GAN)、深度增强学习(DRL)等方向的前沿技术研发。,三星电子中国研究院机器学习LAB，在深度学习领域有顶尖的团队，有深厚的技术积累、丰富的数据和计算资源；,在国际竞赛上成绩优秀(系统名SRC-B-MachineLearningLab)，其中:,1.ICCV 2017 PoseTrack Challenge (Human Pose Estimation and Tracking in the wild): Winner of Challenge 1 and 2,2.ICDAR 2017 Robust Reading Competition COCO-Text: Task1 Detection排名第二,3.ICDAR 2015 Robust Reading Competition Task2.1/2.3/2.4/3.1/3.4/4.1/4.3/4.4等任务都曾获得过第一,    ,职位基本要求:  ,1.硕士及以上学历，计算机、电子、自动化、数学等相关专业,2.熟悉Python或Lua或Matlab等至少一种脚本语言,3.熟悉C/C++编程,4.熟悉至少一种深度学习框架(TensorFlow/Caffe/MXNet/PyTorch/Keras/Theano等)  ,5.出色的编程能力，有ACM-ICPC分区赛铜牌以上成绩者优先,6.每周出勤至少4天，实习时间连续3个月以上,深度学习方向:,1.熟悉基于深度学习的文字/图像检测、识别、分割、跟踪等,2.在该领域发表过优秀论文者优先,3.在该领域参加竞赛并获得优异成绩者优先,增强现实方向:(以下具备一项即可),1.熟悉图像语义分割/场景分割,2.熟悉单目/双目深度估计,3.熟悉SLAM/VO/IMU等,4.熟悉手势识别、动作识别等交互技术,5.熟悉光源估计、光照一致性,人体姿态估计方向:,1.熟悉Human Pose Estimation/Tracking, Hand Skeleton, Head Pose Estimation等,2.在该领域发表过优秀论文者优先,3.在该领域参加竞赛并获得优异成绩者优先,生成对抗网络方向:,1.熟悉生成对抗网络基本理论，熟悉该领域前沿,2.熟悉生成对抗网络在语义分割、样本生成、风格转换、自动着色等领域的应用,3.数学功底扎实，英文文献阅读能力强,深度增强学习方向:,1.熟悉增强学习基本理论，熟悉该领域前沿,2.熟悉深度增强学习在控制、机器人、自动驾驶等领域的应用,3.数学功底扎实，英文文献阅读能力强,深度学习优化方向:,1.熟悉深度学习模型优化和加速算法,2.熟悉深度学习嵌入式移植和优化,计算机图形学方向：,1. 熟练掌握计算机图形学基础知识,2. 熟练掌握OpenGL，可以编写Shader实现高级渲染,3. 熟练掌握三维场景光照计算模型,4. 熟悉AR光照估算算法者优先,5. 英文文献阅读能力强,6. 计算机图像学方向的博士优先,视频目标检测方向：,1. 熟悉基于深度学习的目标检测(object detection)或目标跟踪(visual tracking)，动手能力强,2. 对视频目标检测(object detection from video, VID)方向的研究与竞赛(ImageNet VID)感兴趣，有能力对其相关领域的研究前沿进行及时的调研与复现,3. 在目标检测或目标跟踪领域参加竞赛并获得优异成绩者优先(ImageNet VID, ImageNet DET, VOT等),图像/视频caption方向,1.熟悉visual caption方向的基本理论，熟悉该领域前沿,2.数学功底扎实，英文文献阅读能力强，代码能力强,3.在visual caption方向有相关经验者（论文、竞赛、项目等）优先,人脸识别方向:,1.熟悉Face Detection, Face Recognition, Face Landmark, Facial Expression等,2.在该领域发表过优秀论文者优先,3.在该领域参加竞赛并获得优异成绩者优先,    ,工作地点：北京市朝阳区太阳宫中路12A号太阳宫大厦18层（地铁十号线太阳宫站C出口300米）  ,联系方式：ke17.lin@samsung.com,简历命名格式：姓名-学校-学位-申请方向,三星电子中国研究院, 欢迎有兴趣同学投递简历。 ",发表于2018-06-11 11:24:38,【实习】【三星电子中国研究院】深度学习算法实习生,https://bbs.pku.edu.cn/v2//v2/post-read.php?bid=896&threadid=16443997
yetao,"机器学习算法工程师,#坐标：北京,#请将简历发至以下邮箱，并注明：求职岗位+姓名 ,huangwei@airdoc.com ,【职位描述】 ,- 负责医疗相关数据的数据挖掘，模型建立工作；,- 与工程团队合作，负责相关技术的产品化落地；,【任职要求】 ,- 计算机、电子、自动化等相关专业； ,- 有良好编程基础，熟悉python／lua等至少一门脚本语言，熟悉c／c++编程； ,- 熟悉机器学习基本理论，熟悉分类、回归、降维、ensemble等； ,- 熟悉深度学习基本理论，熟悉利用DNN／CNN／RNN进行特征学习； ,- 熟悉caffe，CNTK, tensorflow，mxnet等至少一个深度学习框架，熟悉scikit-learn等机器学习库； ,- 有相关经验，kaggle等竞赛经验优先。,----------------------------------------------------------------------,关于我们,Airdoc是由一流团队构成的医疗领域人工智能企业，由来自微软、三星、雅虎、新浪等顶尖公司的技术产品团队组建。Airdoc利用深度学习技术，在医学专家指导下形成算法模型服务，实现特定病变组织的检测、组织分割、影像识别分类等，致力于提高医生的工作效率。,Airdoc深耕医疗行业，与美国约翰·霍普金斯医院、北京协和医院、温州医科大学眼视光医院、北京同仁医院等顶尖医疗机构在人工智能辅助诊断 、医学影像识别等领域建立深度合作，推动医疗产业智能化升级。,Airdoc总部位于北京海淀，已在北京、上海、广州以及美国硅谷等地设立研发中心。立足中国，汇集全球顶尖人才，合力打造领先的人工智能企业。,加入我们，参与这个激动人心的创新历程吧！ ,关于创始人,张大磊，创始人兼首席执行官,曾担任微软Excel产品经理，PPTV聚力副总裁、新浪副总裁。基于在健康医疗及互联网领域的影响力，张大磊先生多次受邀出席国家公共卫生部门及健康医疗领域行业会议并发表演讲，现为中国健康促进与教育协会移动健康分会常委和相关领域国家标准的起草顾问。,公司荣誉,2016年10月18日，世界人工智能大会正式发布《中国人工智能产业发展报告》，公司凭借其产品Airdoc系列入围新智能top100 ——“未来中国最具影响力及潜力的人工智能企业名单”。,2016年12月16日，Airdoc与中国人工智能学会签约合作，由Airdoc资助未来数年吴文俊人工智能科学技术奖，双方将在产学研用领域加强深度合作。,2017年5月10日，Airdoc凭借其人工智能眼底图像自动识别技术，亮相科技领域顶级盛会微软全球开发者大会，也是中国企业首次亮相微软全球高管的Keynote环节。,2017年9月16-17日，“2017长江产业论坛(秋季)暨医疗健康大数据与人工智能大会”在武汉举行，Airdoc凭借在众多医院的实际应用获得《中国医疗大数据与人工智能产业优秀实践案例》奖项。,鉴于公司成立以来在健康与医疗行业的影响力，公司CEO张大磊先生当选为中国健康促进与教育协会移动健康分会常务委员以及相关领域国家标准的起草顾问。,获取公司更多资讯： ,-查看官方网站www.airdoc.com ,-搜索“air-doc”关注微信公众号",发表于2018-06-11 18:01:26,【实习】【AI医疗】Airdoc 机器学习算法工程师,https://bbs.pku.edu.cn/v2//v2/post-read.php?bid=896&threadid=16444492
zhaaw,"职位名称: 深度学习算法实习生  ,    ,职位描述:  ,在深度学习资深专家的指导下，从事深度学习(DL)、增强现实(AR)、人体姿态估计、生成对抗网络(GAN)、深度增强学习(DRL)等方向的前沿技术研发。,三星电子中国研究院机器学习LAB，在深度学习领域有顶尖的团队，有深厚的技术积累、丰富的数据和计算资源；,在国际竞赛上成绩优秀(系统名SRC-B-MachineLearningLab)，其中:,1.ICCV 2017 PoseTrack Challenge (Human Pose Estimation and Tracking in the wild): Winner of Challenge 1 and 2,2.ICDAR 2017 Robust Reading Competition COCO-Text: Task1 Detection排名第二,3.ICDAR 2015 Robust Reading Competition Task2.1/2.3/2.4/3.1/3.4/4.1/4.3/4.4等任务都曾获得过第一,    ,职位基本要求:  ,1.硕士及以上学历，计算机、电子、自动化、数学等相关专业,2.熟悉Python或Lua或Matlab等至少一种脚本语言,3.熟悉C/C++编程,4.熟悉至少一种深度学习框架(TensorFlow/Caffe/MXNet/PyTorch/Keras/Theano等)  ,5.出色的编程能力，有ACM-ICPC分区赛铜牌以上成绩者优先,6.每周出勤至少4天，实习时间连续3个月以上,深度学习方向:,1.熟悉基于深度学习的文字/图像检测、识别、分割、跟踪等,2.在该领域发表过优秀论文者优先,3.在该领域参加竞赛并获得优异成绩者优先,增强现实方向:(以下具备一项即可),1.熟悉图像语义分割/场景分割,2.熟悉单目/双目深度估计,3.熟悉SLAM/VO/IMU等,4.熟悉手势识别、动作识别等交互技术,5.熟悉光源估计、光照一致性,人体姿态估计方向:,1.熟悉Human Pose Estimation/Tracking, Hand Skeleton, Head Pose Estimation等,2.在该领域发表过优秀论文者优先,3.在该领域参加竞赛并获得优异成绩者优先,生成对抗网络方向:,1.熟悉生成对抗网络基本理论，熟悉该领域前沿,2.熟悉生成对抗网络在语义分割、样本生成、风格转换、自动着色等领域的应用,3.数学功底扎实，英文文献阅读能力强,深度增强学习方向:,1.熟悉增强学习基本理论，熟悉该领域前沿,2.熟悉深度增强学习在控制、机器人、自动驾驶等领域的应用,3.数学功底扎实，英文文献阅读能力强,深度学习优化方向:,1.熟悉深度学习模型优化和加速算法,2.熟悉深度学习嵌入式移植和优化,计算机图形学方向：,1. 熟练掌握计算机图形学基础知识,2. 熟练掌握OpenGL，可以编写Shader实现高级渲染,3. 熟练掌握三维场景光照计算模型,4. 熟悉AR光照估算算法者优先,5. 英文文献阅读能力强,6. 计算机图像学方向的博士优先,视频目标检测方向：,1. 熟悉基于深度学习的目标检测(object detection)或目标跟踪(visual tracking)，动手能力强,2. 对视频目标检测(object detection from video, VID)方向的研究与竞赛(ImageNet VID)感兴趣，有能力对其相关领域的研究前沿进行及时的调研与复现,3. 在目标检测或目标跟踪领域参加竞赛并获得优异成绩者优先(ImageNet VID, ImageNet DET, VOT等),图像/视频caption方向,1.熟悉visual caption方向的基本理论，熟悉该领域前沿,2.数学功底扎实，英文文献阅读能力强，代码能力强,3.在visual caption方向有相关经验者（论文、竞赛、项目等）优先,人脸识别方向:,1.熟悉Face Detection, Face Recognition, Face Landmark, Facial Expression等,2.在该领域发表过优秀论文者优先,3.在该领域参加竞赛并获得优异成绩者优先,对抗攻防方向：,1.熟悉对抗攻防的基本理论，熟悉该领域前沿,2.数学功底扎实，英文文献阅读能力强，代码能力强,3.在该领域发表过优秀论文者优先,4.在该领域参加竞赛并获得优异成绩者优先,    ,工作地点：北京市朝阳区太阳宫中路12A号太阳宫大厦18层（地铁十号线太阳宫站C出口300米）  ,联系方式：ke17.lin@samsung.com,简历命名格式：姓名-学校-学位-申请方向,三星电子中国研究院, 欢迎有兴趣同学投递简历。 ",发表于2018-06-12 11:39:56,【实习】【三星电子中国研究院】深度学习算法实习生,https://bbs.pku.edu.cn/v2//v2/post-read.php?bid=896&threadid=16445386
ytstar,"【微软亚洲研究院MSRA】实习生招聘,岗位：机器学习算法研究员实习生,部门：软件分析组SA,地点：北京,组别简介：,运用诸如模式识别、机器学习、数据挖掘、以及大规模数据处理等技术，旨在帮助用户以数据驱动的方式进行数据分析，从中提取有用信息，做出正确决策。,岗位职责： ,1. 与研究员们共同研究机器学习，数据挖掘，大数据分析技术，实习生的主要任务是实现新的想法，进行新技术的开发。,2. 探究包括自然语言处理技术、概率图模型以及数据挖掘方法在内的不同机器学习技术在系统日志数据分析中的应用。, ,能力要求：,1. 计算机、机器学习、数学等相关专业的本科以上学历,2. 具备良好的机器学习知识、深度学习知识、统计与数学基础,3. 具备优秀的Python, C/C++编程能力，有较强的编程实现能力，良好的沟通能力和团队协作精神,4. 良好的英文文献阅读能力与逻辑思维,5. 能保证至少六个月的实习时间,福利待遇：,1. 微软亚洲研究院统一实习工资,2. 每月餐补，零食水果饮料不限量供应,3. 外地同学可申请住宿补贴,欢迎与我们团队共同成长，感兴趣者请发送简历至v-jinji@microsoft.com， 邮件标题为“姓名-学校-专业-实习时间”。", 最后修改于2018-06-08 15:54:02,【实习】微软亚洲研究院MSRA-机器学习实习生招聘,https://bbs.pku.edu.cn/v2//v2/post-read.php?bid=896&threadid=16441365
yetao,"计算机视觉/深度学习工程师,#坐标：北京 ,#请将简历发至以下邮箱，并注明：求职岗位+姓名 ,huangwei@airdoc.com ,【职位描述】,- 负责2D及3D医疗影像分类，医疗影像特定目标检测、分割等深度学习模型／框架的研究和开发工作；,- 与工程团队合作，负责相关技术的产品化落地。, ,【任职要求】 ,- 计算机、电子、自动化等相关专业； ,- 有良好编程基础，熟悉python／lua等至少一门脚本语言，熟悉c／c++编程； ,- 熟悉至少一种深度学习框架（CNTK／caffe／tensorflow／mxnet／等）； ,- 熟悉深度学习基本理论，熟悉目标检测、图像分割、场景分割、视频分类、动作分类、视频目标检测等至少一个领域；  ,- 熟悉计算机视觉／图像处理基本算法，例如特征提取、图像增强等； ,- 有相关项目研发经验优先； ,- 有医学图像处理，医学图像深度学习经验优先。,-------------------------------------------------------------------,关于我们,Airdoc是由一流团队构成的医疗领域人工智能企业，由来自微软、三星、雅虎、新浪等顶尖公司的技术产品团队组建。Airdoc利用深度学习技术，在医学专家指导下形成算法模型服务，实现特定病变组织的检测、组织分割、影像识别分类等，致力于提高医生的工作效率。,Airdoc深耕医疗行业，与美国约翰·霍普金斯医院、北京协和医院、温州医科大学眼视光医院、北京同仁医院等顶尖医疗机构在人工智能辅助诊断 、医学影像识别等领域建立深度合作，推动医疗产业智能化升级。,Airdoc总部位于北京海淀，已在北京、上海、广州以及美国硅谷等地设立研发中心。立足中国，汇集全球顶尖人才，合力打造领先的人工智能企业。,加入我们，参与这个激动人心的创新历程吧！ ,关于创始人,张大磊，创始人兼首席执行官,曾担任微软Excel产品经理，PPTV聚力副总裁、新浪副总裁。基于在健康医疗及互联网领域的影响力，张大磊先生多次受邀出席国家公共卫生部门及健康医疗领域行业会议并发表演讲，现为中国健康促进与教育协会移动健康分会常委和相关领域国家标准的起草顾问。,公司荣誉,2016年10月18日，世界人工智能大会正式发布《中国人工智能产业发展报告》，公司凭借其产品Airdoc系列入围新智能top100 ——“未来中国最具影响力及潜力的人工智能企业名单”。,2016年12月16日，Airdoc与中国人工智能学会签约合作，由Airdoc资助未来数年吴文俊人工智能科学技术奖，双方将在产学研用领域加强深度合作。,2017年5月10日，Airdoc凭借其人工智能眼底图像自动识别技术，亮相科技领域顶级盛会微软全球开发者大会，也是中国企业首次亮相微软全球高管的Keynote环节。,2017年9月16-17日，“2017长江产业论坛(秋季)暨医疗健康大数据与人工智能大会”在武汉举行，Airdoc凭借在众多医院的实际应用获得《中国医疗大数据与人工智能产业优秀实践案例》奖项。,鉴于公司成立以来在健康与医疗行业的影响力，公司CEO张大磊先生当选为中国健康促进与教育协会移动健康分会常务委员以及相关领域国家标准的起草顾问。,获取公司更多资讯： ,-查看官方网站www.airdoc.com ,-搜索“air-doc”关注微信公众号",发表于2018-06-11 18:01:21,【实习】【AI医疗】Airdoc 计算机视觉/深度学习,https://bbs.pku.edu.cn/v2//v2/post-read.php?bid=896&threadid=16444490
yuqinghou,"职位描述：Deep Learning建模算法实习生，理解DL算法在应用场景中的应用以及提供优化解决方案。,具体要求： 扎实的建模基础，掌握传统机器学习和深度学习的技术脉络，对经典算法和流行模型有深刻理解, 可以应用自如并能进行改进，最好能在某些领域有深入经验，比如OCR，NLP，搜索，推荐等；,扎实的工程能力，能够支撑更好的验证新的算法idea，需要熟练使用python，tensorflow／pytorch，C++等；,主观能动性强，有技术热情，信仰技术并对不断涌现的新技术有强烈的好奇心。,加分项：优异的数学背景；,有过领域顶会论文(NIPS/CVPR/ICCV/IJCAI/ICLR/ICML/KDD/等)发表经验;,有强化学习实际经验者；,有模型优化经验，包括训练优化和inference优化;,对DL的可解释性工作有浓厚兴趣并有意愿从事此方向的工作；,开源社区贡献者；,有底层系统工作经验，例如cuda编程优化经验或芯片嵌入式开发经验；,在这里，你可以接触到下列技术领域： ,几千台CPU服务器驱动的分布式机器学习基础设施及相关技术； ,上百台GPU服务器所支持的Deep Learning分布式训练平台； ,端到端模型系统相结合的极致性能优化技术；,多样化的Deep Learning建模场景，OCR、智能设计、智能问答、搜索相关性、广告CTR以文本处理以及无人车场景等等；,每年还有机会去参加顶会了解业界的最前沿动向。,有意者请将简历发给：sensi.zq@alibaba-inc.com，同时也接收应届毕业生和实习生简历",发表于2018-06-12 14:28:40,阿里PAI团队大规模算法组-深度学习团队算法建模方向,https://bbs.pku.edu.cn/v2//v2/post-read.php?bid=896&threadid=16445609
